"idRegistro","percent_use_cpu","percent_use_ram","uso_ram_gb","livre_ram_gb","recebido_rede","enviado_rede","fkServidor","dtHora"
1001,60,81,25.9,6.1,331,421,1,2024-01-01 01:00:00
1002,59,80,25.6,6.4,424,460,1,2024-01-01 07:00:00
1003,60,78,25,7,524,412,1,2024-01-01 13:00:00
1004,70,85,27.2,4.8,433,563,1,2024-01-01 19:00:00
1005,93,86,27.5,4.5,399,599,1,2024-01-02 01:00:00
1006,76,93,29.8,2.2,429,598,1,2024-01-02 07:00:00
1007,75,56,17.9,14.1,757,413,1,2024-01-02 13:00:00
1008,73,81,25.9,6.1,736,759,1,2024-01-02 19:00:00
1009,65,76,24.3,7.7,502,592,1,2024-01-03 01:00:00
1010,53,91,29.1,2.9,593,519,1,2024-01-03 07:00:00
1011,69,68,21.8,10.2,535,466,1,2024-01-03 13:00:00
1012,81,81,25.9,6.1,631,590,1,2024-01-03 19:00:00
1013,75,82,26.2,5.8,567,700,1,2024-01-04 01:00:00
1014,57,76,24.3,7.7,621,538,1,2024-01-04 07:00:00
1015,82,84,26.9,5.1,608,481,1,2024-01-04 13:00:00
1016,47,70,22.4,9.6,467,652,1,2024-01-04 19:00:00
1017,91,64,20.5,11.5,557,693,1,2024-01-05 01:00:00
1018,67,89,28.5,3.5,474,504,1,2024-01-05 07:00:00
1019,75,89,28.5,3.5,413,519,1,2024-01-05 13:00:00
1020,78,74,23.7,8.3,357,621,1,2024-01-05 19:00:00
1021,70,78,25,7,392,483,1,2024-01-06 01:00:00
1022,76,93,29.8,2.2,575,489,1,2024-01-06 07:00:00
1023,78,83,26.6,5.4,496,488,1,2024-01-06 13:00:00
1024,94,78,25,7,488,606,1,2024-01-06 19:00:00
1025,68,85,27.2,4.8,538,449,1,2024-01-07 01:00:00
1026,67,87,27.8,4.2,668,328,1,2024-01-07 07:00:00
1027,71,71,22.7,9.3,515,441,1,2024-01-07 13:00:00
1028,77,76,24.3,7.7,468,554,1,2024-01-07 19:00:00
1029,82,85,27.2,4.8,544,600,1,2024-01-08 01:00:00
1030,63,88,28.2,3.8,521,642,1,2024-01-08 07:00:00
1031,61,62,19.8,12.2,470,457,1,2024-01-08 13:00:00
1032,75,58,18.6,13.4,604,729,1,2024-01-08 19:00:00
1033,56,76,24.3,7.7,527,393,1,2024-01-09 01:00:00
1034,63,75,24,8,566,685,1,2024-01-09 07:00:00
1035,80,73,23.4,8.6,529,468,1,2024-01-09 13:00:00
1036,72,90,28.8,3.2,402,425,1,2024-01-09 19:00:00
1037,63,81,25.9,6.1,395,413,1,2024-01-10 01:00:00
1038,63,85,27.2,4.8,587,468,1,2024-01-10 07:00:00
1039,61,77,24.6,7.4,588,585,1,2024-01-10 13:00:00
1040,62,76,24.3,7.7,587,587,1,2024-01-10 19:00:00
1041,80,76,24.3,7.7,469,632,1,2024-01-11 01:00:00
1042,54,64,20.5,11.5,451,515,1,2024-01-11 07:00:00
1043,72,95,30.4,1.6,321,533,1,2024-01-11 13:00:00
1044,60,92,29.4,2.6,442,608,1,2024-01-11 19:00:00
1045,61,82,26.2,5.8,515,591,1,2024-01-12 01:00:00
1046,60,77,24.6,7.4,421,505,1,2024-01-12 07:00:00
1047,73,84,26.9,5.1,555,507,1,2024-01-12 13:00:00
1048,70,79,25.3,6.7,710,351,1,2024-01-12 19:00:00
1049,55,93,29.8,2.2,535,479,1,2024-01-13 01:00:00
1050,71,78,25,7,500,516,1,2024-01-13 07:00:00
1051,57,100,32.6,-0.6,613,378,1,2024-01-13 13:00:00
1052,55,71,22.7,9.3,464,489,1,2024-01-13 19:00:00
1053,83,89,28.5,3.5,450,601,1,2024-01-14 01:00:00
1054,64,68,21.8,10.2,544,592,1,2024-01-14 07:00:00
1055,53,99,31.7,0.3,481,533,1,2024-01-14 13:00:00
1056,86,85,27.2,4.8,374,497,1,2024-01-14 19:00:00
1057,69,80,25.6,6.4,455,266,1,2024-01-15 01:00:00
1058,57,69,22.1,9.9,352,375,1,2024-01-15 07:00:00
1059,83,94,30.1,1.9,480,395,1,2024-01-15 13:00:00
1060,67,77,24.6,7.4,478,417,1,2024-01-15 19:00:00
1061,75,87,27.8,4.2,477,327,1,2024-01-16 01:00:00
1062,63,74,23.7,8.3,312,459,1,2024-01-16 07:00:00
1063,84,76,24.3,7.7,312,500,1,2024-01-16 13:00:00
1064,49,82,26.2,5.8,683,342,1,2024-01-16 19:00:00
1065,84,64,20.5,11.5,368,441,1,2024-01-17 01:00:00
1066,74,86,27.5,4.5,634,354,1,2024-01-17 07:00:00
1067,60,69,22.1,9.9,503,439,1,2024-01-17 13:00:00
1068,74,100,34.2,-2.2,304,593,1,2024-01-17 19:00:00
1069,44,93,29.8,2.2,553,555,1,2024-01-18 01:00:00
1070,53,91,29.1,2.9,498,352,1,2024-01-18 07:00:00
1071,66,76,24.3,7.7,427,448,1,2024-01-18 13:00:00
1072,58,90,28.8,3.2,660,540,1,2024-01-18 19:00:00
1073,71,84,26.9,5.1,551,460,1,2024-01-19 01:00:00
1074,59,86,27.5,4.5,505,409,1,2024-01-19 07:00:00
1075,71,85,27.2,4.8,690,615,1,2024-01-19 13:00:00
1076,66,72,23,9,511,603,1,2024-01-19 19:00:00
1077,62,79,25.3,6.7,416,444,1,2024-01-20 01:00:00
1078,89,83,26.6,5.4,381,429,1,2024-01-20 07:00:00
1079,77,78,25,7,374,323,1,2024-01-20 13:00:00
1080,56,84,26.9,5.1,538,501,1,2024-01-20 19:00:00
1081,58,88,28.2,3.8,371,672,1,2024-01-21 01:00:00
1082,68,89,28.5,3.5,554,656,1,2024-01-21 07:00:00
1083,47,71,22.7,9.3,301,372,1,2024-01-21 13:00:00
1084,74,92,29.4,2.6,465,645,1,2024-01-21 19:00:00
1085,67,78,25,7,544,395,1,2024-01-22 01:00:00
1086,65,80,25.6,6.4,573,412,1,2024-01-22 07:00:00
1087,85,70,22.4,9.6,610,588,1,2024-01-22 13:00:00
1088,71,84,26.9,5.1,436,521,1,2024-01-22 19:00:00
1089,87,77,24.6,7.4,447,372,1,2024-01-23 01:00:00
1090,67,91,29.1,2.9,470,513,1,2024-01-23 07:00:00
1091,63,97,31,1,413,476,1,2024-01-23 13:00:00
1092,67,69,22.1,9.9,551,500,1,2024-01-23 19:00:00
1093,44,67,21.4,10.6,471,538,1,2024-01-24 01:00:00
1094,75,83,26.6,5.4,518,617,1,2024-01-24 07:00:00
1095,73,65,20.8,11.2,449,323,1,2024-01-24 13:00:00
1096,62,87,27.8,4.2,493,677,1,2024-01-24 19:00:00
1097,80,59,18.9,13.1,392,595,1,2024-01-25 01:00:00
1098,62,80,25.6,6.4,637,646,1,2024-01-25 07:00:00
1099,71,85,27.2,4.8,483,493,1,2024-01-25 13:00:00
1100,69,84,26.9,5.1,427,305,1,2024-01-25 19:00:00
1101,55,61,19.5,12.5,380,398,1,2024-01-26 01:00:00
1102,77,74,23.7,8.3,477,520,1,2024-01-26 07:00:00
1103,62,96,30.7,1.3,551,419,1,2024-01-26 13:00:00
1104,88,81,25.9,6.1,461,565,1,2024-01-26 19:00:00
1105,61,77,24.6,7.4,439,380,1,2024-01-27 01:00:00
1106,51,80,25.6,6.4,588,486,1,2024-01-27 07:00:00
1107,84,87,27.8,4.2,411,491,1,2024-01-27 13:00:00
1108,58,87,27.8,4.2,438,531,1,2024-01-27 19:00:00
1109,76,72,23,9,493,554,1,2024-01-28 01:00:00
1110,48,85,27.2,4.8,618,669,1,2024-01-28 07:00:00
1111,63,68,21.8,10.2,459,458,1,2024-01-28 13:00:00
1112,59,89,28.5,3.5,416,421,1,2024-01-28 19:00:00
1113,66,77,24.6,7.4,335,467,1,2024-01-29 01:00:00
1114,81,74,23.7,8.3,381,444,1,2024-01-29 07:00:00
1115,64,85,27.2,4.8,567,554,1,2024-01-29 13:00:00
1116,81,81,25.9,6.1,699,382,1,2024-01-29 19:00:00
1117,67,90,28.8,3.2,646,371,1,2024-01-30 01:00:00
1118,72,73,23.4,8.6,443,497,1,2024-01-30 07:00:00
1119,70,81,25.9,6.1,476,642,1,2024-01-30 13:00:00
1120,57,72,23,9,321,538,1,2024-01-30 19:00:00
1121,67,88,28.2,3.8,503,447,1,2024-01-31 01:00:00
1122,55,65,20.8,11.2,544,266,1,2024-01-31 07:00:00
1123,67,76,24.3,7.7,553,529,1,2024-01-31 13:00:00
1124,92,75,24,8,416,439,1,2024-01-31 19:00:00
1125,76,90,28.8,3.2,384,582,1,2024-02-01 01:00:00
1126,74,97,31,1,696,474,1,2024-02-01 07:00:00
1127,82,72,23,9,363,468,1,2024-02-01 13:00:00
1128,84,83,26.6,5.4,570,580,1,2024-02-01 19:00:00
1129,44,93,29.8,2.2,494,481,1,2024-02-02 01:00:00
1130,64,89,28.5,3.5,561,399,1,2024-02-02 07:00:00
1131,67,87,27.8,4.2,564,560,1,2024-02-02 13:00:00
1132,74,77,24.6,7.4,489,338,1,2024-02-02 19:00:00
1133,80,77,24.6,7.4,562,508,1,2024-02-03 01:00:00
1134,61,87,27.8,4.2,457,421,1,2024-02-03 07:00:00
1135,70,74,23.7,8.3,561,488,1,2024-02-03 13:00:00
1136,77,75,24,8,611,557,1,2024-02-03 19:00:00
1137,51,84,26.9,5.1,399,504,1,2024-02-04 01:00:00
1138,51,71,22.7,9.3,412,537,1,2024-02-04 07:00:00
1139,76,84,26.9,5.1,393,298,1,2024-02-04 13:00:00
1140,77,61,19.5,12.5,589,713,1,2024-02-04 19:00:00
1141,71,82,26.2,5.8,533,431,1,2024-02-05 01:00:00
1142,68,84,26.9,5.1,464,391,1,2024-02-05 07:00:00
1143,87,88,28.2,3.8,591,577,1,2024-02-05 13:00:00
1144,61,79,25.3,6.7,542,356,1,2024-02-05 19:00:00
1145,83,81,25.9,6.1,423,515,1,2024-02-06 01:00:00
1146,60,81,25.9,6.1,341,365,1,2024-02-06 07:00:00
1147,78,87,27.8,4.2,531,745,1,2024-02-06 13:00:00
1148,89,83,26.6,5.4,552,510,1,2024-02-06 19:00:00
1149,69,79,25.3,6.7,561,448,1,2024-02-07 01:00:00
1150,75,82,26.2,5.8,443,711,1,2024-02-07 07:00:00
1151,49,97,31,1,506,828,1,2024-02-07 13:00:00
1152,65,79,25.3,6.7,526,564,1,2024-02-07 19:00:00
1153,62,78,25,7,511,481,1,2024-02-08 01:00:00
1154,63,90,28.8,3.2,483,450,1,2024-02-08 07:00:00
1155,80,73,23.4,8.6,663,520,1,2024-02-08 13:00:00
1156,71,92,29.4,2.6,538,579,1,2024-02-08 19:00:00
1157,70,88,28.2,3.8,196,571,1,2024-02-09 01:00:00
1158,62,92,29.4,2.6,545,494,1,2024-02-09 07:00:00
1159,60,88,28.2,3.8,638,491,1,2024-02-09 13:00:00
1160,62,67,21.4,10.6,395,527,1,2024-02-09 19:00:00
1161,91,74,23.7,8.3,599,487,1,2024-02-10 01:00:00
1162,70,66,21.1,10.9,536,557,1,2024-02-10 07:00:00
1163,74,100,32.3,-0.3,528,489,1,2024-02-10 13:00:00
1164,59,68,21.8,10.2,525,488,1,2024-02-10 19:00:00
1165,61,88,28.2,3.8,590,671,1,2024-02-11 01:00:00
1166,65,83,26.6,5.4,545,405,1,2024-02-11 07:00:00
1167,84,93,29.8,2.2,452,534,1,2024-02-11 13:00:00
1168,63,77,24.6,7.4,537,571,1,2024-02-11 19:00:00
1169,57,77,24.6,7.4,597,444,1,2024-02-12 01:00:00
1170,52,76,24.3,7.7,500,590,1,2024-02-12 07:00:00
1171,85,100,33,-1,687,535,1,2024-02-12 13:00:00
1172,79,88,28.2,3.8,457,432,1,2024-02-12 19:00:00
1173,74,91,29.1,2.9,470,426,1,2024-02-13 01:00:00
1174,61,86,27.5,4.5,435,483,1,2024-02-13 07:00:00
1175,77,81,25.9,6.1,540,408,1,2024-02-13 13:00:00
1176,75,96,30.7,1.3,493,506,1,2024-02-13 19:00:00
1177,72,70,22.4,9.6,476,432,1,2024-02-14 01:00:00
1178,82,100,32.3,-0.3,364,566,1,2024-02-14 07:00:00
1179,75,82,26.2,5.8,434,457,1,2024-02-14 13:00:00
1180,54,80,25.6,6.4,469,528,1,2024-02-14 19:00:00
1181,68,81,25.9,6.1,639,503,1,2024-02-15 01:00:00
1182,69,87,27.8,4.2,450,640,1,2024-02-15 07:00:00
1183,79,90,28.8,3.2,613,614,1,2024-02-15 13:00:00
1184,78,88,28.2,3.8,512,586,1,2024-02-15 19:00:00
1185,64,73,23.4,8.6,355,551,1,2024-02-16 01:00:00
1186,71,90,28.8,3.2,388,580,1,2024-02-16 07:00:00
1187,60,85,27.2,4.8,602,620,1,2024-02-16 13:00:00
1188,77,85,27.2,4.8,533,425,1,2024-02-16 19:00:00
1189,69,79,25.3,6.7,454,477,1,2024-02-17 01:00:00
1190,70,90,28.8,3.2,499,405,1,2024-02-17 07:00:00
1191,82,86,27.5,4.5,530,553,1,2024-02-17 13:00:00
1192,93,78,25,7,581,549,1,2024-02-17 19:00:00
1193,72,69,22.1,9.9,568,542,1,2024-02-18 01:00:00
1194,62,77,24.6,7.4,447,476,1,2024-02-18 07:00:00
1195,78,81,25.9,6.1,432,590,1,2024-02-18 13:00:00
1196,63,71,22.7,9.3,342,500,1,2024-02-18 19:00:00
1197,67,79,25.3,6.7,476,481,1,2024-02-19 01:00:00
1198,73,61,19.5,12.5,550,584,1,2024-02-19 07:00:00
1199,85,83,26.6,5.4,661,687,1,2024-02-19 13:00:00
1200,54,90,28.8,3.2,588,464,1,2024-02-19 19:00:00
1201,71,75,24,8,578,353,1,2024-02-20 01:00:00
1202,68,88,28.2,3.8,373,524,1,2024-02-20 07:00:00
1203,54,82,26.2,5.8,526,347,1,2024-02-20 13:00:00
1204,62,72,23,9,436,594,1,2024-02-20 19:00:00
1205,71,66,21.1,10.9,538,432,1,2024-02-21 01:00:00
1206,60,70,22.4,9.6,478,601,1,2024-02-21 07:00:00
1207,72,71,22.7,9.3,491,396,1,2024-02-21 13:00:00
1208,74,80,25.6,6.4,398,386,1,2024-02-21 19:00:00
1209,74,82,26.2,5.8,393,308,1,2024-02-22 01:00:00
1210,94,80,25.6,6.4,569,482,1,2024-02-22 07:00:00
1211,53,72,23,9,611,376,1,2024-02-22 13:00:00
1212,82,85,27.2,4.8,436,496,1,2024-02-22 19:00:00
1213,64,82,26.2,5.8,654,498,1,2024-02-23 01:00:00
1214,62,60,19.2,12.8,462,688,1,2024-02-23 07:00:00
1215,86,70,22.4,9.6,490,414,1,2024-02-23 13:00:00
1216,68,88,28.2,3.8,611,643,1,2024-02-23 19:00:00
1217,82,70,22.4,9.6,505,382,1,2024-02-24 01:00:00
1218,70,82,26.2,5.8,432,470,1,2024-02-24 07:00:00
1219,69,78,25,7,562,552,1,2024-02-24 13:00:00
1220,76,87,27.8,4.2,498,717,1,2024-02-24 19:00:00
1221,67,74,23.7,8.3,565,706,1,2024-02-25 01:00:00
1222,70,76,24.3,7.7,394,628,1,2024-02-25 07:00:00
1223,76,76,24.3,7.7,409,473,1,2024-02-25 13:00:00
1224,74,84,26.9,5.1,416,571,1,2024-02-25 19:00:00
1225,68,88,28.2,3.8,603,429,1,2024-02-26 01:00:00
1226,79,67,21.4,10.6,450,519,1,2024-02-26 07:00:00
1227,88,93,29.8,2.2,558,588,1,2024-02-26 13:00:00
1228,62,81,25.9,6.1,445,382,1,2024-02-26 19:00:00
1229,84,71,22.7,9.3,507,624,1,2024-02-27 01:00:00
1230,63,74,23.7,8.3,560,508,1,2024-02-27 07:00:00
1231,63,71,22.7,9.3,550,538,1,2024-02-27 13:00:00
1232,76,95,30.4,1.6,382,440,1,2024-02-27 19:00:00
1233,81,72,23,9,494,288,1,2024-02-28 01:00:00
1234,78,83,26.6,5.4,610,377,1,2024-02-28 07:00:00
1235,69,69,22.1,9.9,380,498,1,2024-02-28 13:00:00
1236,82,80,25.6,6.4,455,400,1,2024-02-28 19:00:00
1237,77,69,22.1,9.9,587,579,1,2024-02-29 01:00:00
1238,73,61,19.5,12.5,417,512,1,2024-02-29 07:00:00
1239,76,87,27.8,4.2,481,333,1,2024-02-29 13:00:00
1240,71,67,21.4,10.6,478,598,1,2024-02-29 19:00:00
1241,73,85,27.2,4.8,520,447,1,2024-03-01 01:00:00
1242,76,66,21.1,10.9,590,389,1,2024-03-01 07:00:00
1243,67,78,25,7,543,447,1,2024-03-01 13:00:00
1244,58,84,26.9,5.1,467,697,1,2024-03-01 19:00:00
1245,60,62,19.8,12.2,711,434,1,2024-03-02 01:00:00
1246,71,60,19.2,12.8,644,598,1,2024-03-02 07:00:00
1247,67,70,22.4,9.6,470,465,1,2024-03-02 13:00:00
1248,72,58,18.6,13.4,631,519,1,2024-03-02 19:00:00
1249,81,82,26.2,5.8,580,256,1,2024-03-03 01:00:00
1250,52,83,26.6,5.4,623,438,1,2024-03-03 07:00:00
1251,60,80,25.6,6.4,583,421,1,2024-03-03 13:00:00
1252,61,79,25.3,6.7,499,533,1,2024-03-03 19:00:00
1253,49,81,25.9,6.1,575,634,1,2024-03-04 01:00:00
1254,92,78,25,7,359,385,1,2024-03-04 07:00:00
1255,59,91,29.1,2.9,309,583,1,2024-03-04 13:00:00
1256,68,78,25,7,594,403,1,2024-03-04 19:00:00
1257,79,82,26.2,5.8,481,561,1,2024-03-05 01:00:00
1258,68,77,24.6,7.4,369,494,1,2024-03-05 07:00:00
1259,63,88,28.2,3.8,668,567,1,2024-03-05 13:00:00
1260,56,87,27.8,4.2,543,680,1,2024-03-05 19:00:00
1261,62,72,23,9,471,431,1,2024-03-06 01:00:00
1262,67,94,30.1,1.9,509,522,1,2024-03-06 07:00:00
1263,84,88,28.2,3.8,631,494,1,2024-03-06 13:00:00
1264,76,81,25.9,6.1,520,524,1,2024-03-06 19:00:00
1265,83,81,25.9,6.1,643,589,1,2024-03-07 01:00:00
1266,69,94,30.1,1.9,583,562,1,2024-03-07 07:00:00
1267,70,99,31.7,0.3,464,435,1,2024-03-07 13:00:00
1268,67,70,22.4,9.6,592,304,1,2024-03-07 19:00:00
1269,65,87,27.8,4.2,550,418,1,2024-03-08 01:00:00
1270,66,82,26.2,5.8,575,500,1,2024-03-08 07:00:00
1271,40,87,27.8,4.2,435,403,1,2024-03-08 13:00:00
1272,79,73,23.4,8.6,587,513,1,2024-03-08 19:00:00
1273,79,89,28.5,3.5,377,559,1,2024-03-09 01:00:00
1274,62,86,27.5,4.5,290,559,1,2024-03-09 07:00:00
1275,67,85,27.2,4.8,586,415,1,2024-03-09 13:00:00
1276,78,81,25.9,6.1,531,535,1,2024-03-09 19:00:00
1277,74,75,24,8,622,606,1,2024-03-10 01:00:00
1278,82,70,22.4,9.6,740,543,1,2024-03-10 07:00:00
1279,75,87,27.8,4.2,507,430,1,2024-03-10 13:00:00
1280,60,66,21.1,10.9,640,285,1,2024-03-10 19:00:00
1281,85,70,22.4,9.6,659,549,1,2024-03-11 01:00:00
1282,70,99,31.7,0.3,607,399,1,2024-03-11 07:00:00
1283,65,87,27.8,4.2,482,591,1,2024-03-11 13:00:00
1284,73,70,22.4,9.6,156,448,1,2024-03-11 19:00:00
1285,50,73,23.4,8.6,672,547,1,2024-03-12 01:00:00
1286,92,74,23.7,8.3,396,518,1,2024-03-12 07:00:00
1287,73,75,24,8,565,527,1,2024-03-12 13:00:00
1288,82,70,22.4,9.6,442,525,1,2024-03-12 19:00:00
1289,62,76,24.3,7.7,425,589,1,2024-03-13 01:00:00
1290,81,71,22.7,9.3,502,339,1,2024-03-13 07:00:00
1291,63,84,26.9,5.1,359,534,1,2024-03-13 13:00:00
1292,64,89,28.5,3.5,501,727,1,2024-03-13 19:00:00
1293,70,94,30.1,1.9,377,232,1,2024-03-14 01:00:00
1294,71,71,22.7,9.3,363,580,1,2024-03-14 07:00:00
1295,66,70,22.4,9.6,449,532,1,2024-03-14 13:00:00
1296,54,73,23.4,8.6,386,513,1,2024-03-14 19:00:00
1297,88,91,29.1,2.9,518,477,1,2024-03-15 01:00:00
1298,66,77,24.6,7.4,472,545,1,2024-03-15 07:00:00
1299,64,77,24.6,7.4,427,497,1,2024-03-15 13:00:00
1300,72,56,17.9,14.1,585,454,1,2024-03-15 19:00:00
1301,60,83,26.6,5.4,320,468,1,2024-03-16 01:00:00
1302,71,70,22.4,9.6,717,635,1,2024-03-16 07:00:00
1303,49,73,23.4,8.6,458,611,1,2024-03-16 13:00:00
1304,49,96,30.7,1.3,452,448,1,2024-03-16 19:00:00
1305,56,68,21.8,10.2,603,672,1,2024-03-17 01:00:00
1306,57,82,26.2,5.8,367,500,1,2024-03-17 07:00:00
1307,78,70,22.4,9.6,592,390,1,2024-03-17 13:00:00
1308,57,81,25.9,6.1,309,382,1,2024-03-17 19:00:00
1309,70,75,24,8,540,509,1,2024-03-18 01:00:00
1310,62,65,20.8,11.2,589,723,1,2024-03-18 07:00:00
1311,77,86,27.5,4.5,558,485,1,2024-03-18 13:00:00
1312,59,82,26.2,5.8,610,533,1,2024-03-18 19:00:00
1313,84,90,28.8,3.2,467,463,1,2024-03-19 01:00:00
1314,80,72,23,9,417,562,1,2024-03-19 07:00:00
1315,80,85,27.2,4.8,469,203,1,2024-03-19 13:00:00
1316,63,73,23.4,8.6,574,582,1,2024-03-19 19:00:00
1317,83,81,25.9,6.1,647,612,1,2024-03-20 01:00:00
1318,77,91,29.1,2.9,294,515,1,2024-03-20 07:00:00
1319,86,74,23.7,8.3,582,524,1,2024-03-20 13:00:00
1320,88,79,25.3,6.7,475,591,1,2024-03-20 19:00:00
1321,64,99,31.7,0.3,470,635,1,2024-03-21 01:00:00
1322,80,61,19.5,12.5,456,531,1,2024-03-21 07:00:00
1323,57,79,25.3,6.7,545,527,1,2024-03-21 13:00:00
1324,69,96,30.7,1.3,414,331,1,2024-03-21 19:00:00
1325,78,63,20.2,11.8,281,459,1,2024-03-22 01:00:00
1326,56,89,28.5,3.5,204,487,1,2024-03-22 07:00:00
1327,59,100,33.3,-1.3,392,563,1,2024-03-22 13:00:00
1328,76,93,29.8,2.2,450,536,1,2024-03-22 19:00:00
1329,56,89,28.5,3.5,410,644,1,2024-03-23 01:00:00
1330,49,70,22.4,9.6,477,357,1,2024-03-23 07:00:00
1331,71,88,28.2,3.8,622,622,1,2024-03-23 13:00:00
1332,73,74,23.7,8.3,595,420,1,2024-03-23 19:00:00
1333,75,91,29.1,2.9,417,718,1,2024-03-24 01:00:00
1334,53,86,27.5,4.5,513,481,1,2024-03-24 07:00:00
1335,58,73,23.4,8.6,778,385,1,2024-03-24 13:00:00
1336,86,55,17.6,14.4,520,591,1,2024-03-24 19:00:00
1337,50,86,27.5,4.5,343,474,1,2024-03-25 01:00:00
1338,77,64,20.5,11.5,499,332,1,2024-03-25 07:00:00
1339,66,63,20.2,11.8,471,534,1,2024-03-25 13:00:00
1340,71,85,27.2,4.8,660,439,1,2024-03-25 19:00:00
1341,68,86,27.5,4.5,400,571,1,2024-03-26 01:00:00
1342,62,71,22.7,9.3,562,273,1,2024-03-26 07:00:00
1343,66,78,25,7,528,497,1,2024-03-26 13:00:00
1344,80,89,28.5,3.5,401,386,1,2024-03-26 19:00:00
1345,63,82,26.2,5.8,545,673,1,2024-03-27 01:00:00
1346,80,91,29.1,2.9,461,641,1,2024-03-27 07:00:00
1347,72,96,30.7,1.3,442,262,1,2024-03-27 13:00:00
1348,62,90,28.8,3.2,273,504,1,2024-03-27 19:00:00
1349,38,85,27.2,4.8,508,577,1,2024-03-28 01:00:00
1350,76,83,26.6,5.4,567,437,1,2024-03-28 07:00:00
1351,58,81,25.9,6.1,319,639,1,2024-03-28 13:00:00
1352,67,76,24.3,7.7,612,447,1,2024-03-28 19:00:00
1353,65,69,22.1,9.9,463,515,1,2024-03-29 01:00:00
1354,61,68,21.8,10.2,508,630,1,2024-03-29 07:00:00
1355,76,68,21.8,10.2,469,452,1,2024-03-29 13:00:00
1356,50,92,29.4,2.6,795,402,1,2024-03-29 19:00:00
1357,66,78,25,7,609,532,1,2024-03-30 01:00:00
1358,73,57,18.2,13.8,525,486,1,2024-03-30 07:00:00
1359,78,85,27.2,4.8,517,468,1,2024-03-30 13:00:00
1360,57,79,25.3,6.7,719,500,1,2024-03-30 19:00:00
1361,53,78,25,7,450,416,1,2024-03-31 01:00:00
1362,75,71,22.7,9.3,671,709,1,2024-03-31 07:00:00
1363,76,91,29.1,2.9,453,611,1,2024-03-31 13:00:00
1364,52,73,23.4,8.6,668,473,1,2024-03-31 19:00:00
1365,62,62,19.8,12.2,803,428,1,2024-04-01 01:00:00
1366,69,100,32.3,-0.3,377,543,1,2024-04-01 07:00:00
1367,62,90,28.8,3.2,377,558,1,2024-04-01 13:00:00
1368,47,70,22.4,9.6,490,597,1,2024-04-01 19:00:00
1369,66,85,27.2,4.8,442,400,1,2024-04-02 01:00:00
1370,91,73,23.4,8.6,549,645,1,2024-04-02 07:00:00
1371,55,87,27.8,4.2,441,466,1,2024-04-02 13:00:00
1372,65,75,24,8,529,424,1,2024-04-02 19:00:00
1373,70,91,29.1,2.9,504,592,1,2024-04-03 01:00:00
1374,70,82,26.2,5.8,522,393,1,2024-04-03 07:00:00
1375,78,87,27.8,4.2,478,418,1,2024-04-03 13:00:00
1376,63,74,23.7,8.3,477,577,1,2024-04-03 19:00:00
1377,78,70,22.4,9.6,664,568,1,2024-04-04 01:00:00
1378,62,100,32.6,-0.6,601,435,1,2024-04-04 07:00:00
1379,69,69,22.1,9.9,462,612,1,2024-04-04 13:00:00
1380,86,97,31,1,647,496,1,2024-04-04 19:00:00
1381,69,87,27.8,4.2,657,667,1,2024-04-05 01:00:00
1382,90,92,29.4,2.6,316,421,1,2024-04-05 07:00:00
1383,66,82,26.2,5.8,325,442,1,2024-04-05 13:00:00
1384,77,81,25.9,6.1,537,411,1,2024-04-05 19:00:00
1385,61,88,28.2,3.8,544,453,1,2024-04-06 01:00:00
1386,67,85,27.2,4.8,445,407,1,2024-04-06 07:00:00
1387,68,77,24.6,7.4,617,482,1,2024-04-06 13:00:00
1388,63,79,25.3,6.7,554,526,1,2024-04-06 19:00:00
1389,96,92,29.4,2.6,465,383,1,2024-04-07 01:00:00
1390,67,84,26.9,5.1,607,496,1,2024-04-07 07:00:00
1391,64,80,25.6,6.4,461,548,1,2024-04-07 13:00:00
1392,78,89,28.5,3.5,375,505,1,2024-04-07 19:00:00
1393,65,57,18.2,13.8,627,563,1,2024-04-08 01:00:00
1394,62,68,21.8,10.2,462,432,1,2024-04-08 07:00:00
1395,77,73,23.4,8.6,421,596,1,2024-04-08 13:00:00
1396,57,90,28.8,3.2,461,549,1,2024-04-08 19:00:00
1397,57,64,20.5,11.5,545,552,1,2024-04-09 01:00:00
1398,72,89,28.5,3.5,444,364,1,2024-04-09 07:00:00
1399,54,87,27.8,4.2,739,484,1,2024-04-09 13:00:00
1400,71,73,23.4,8.6,459,370,1,2024-04-09 19:00:00
1401,67,82,26.2,5.8,475,265,1,2024-04-10 01:00:00
1402,94,69,22.1,9.9,703,433,1,2024-04-10 07:00:00
1403,64,64,20.5,11.5,498,437,1,2024-04-10 13:00:00
1404,54,75,24,8,475,390,1,2024-04-10 19:00:00
1405,67,75,24,8,560,393,1,2024-04-11 01:00:00
1406,75,96,30.7,1.3,354,585,1,2024-04-11 07:00:00
1407,77,93,29.8,2.2,514,550,1,2024-04-11 13:00:00
1408,60,85,27.2,4.8,609,469,1,2024-04-11 19:00:00
1409,66,86,27.5,4.5,551,518,1,2024-04-12 01:00:00
1410,66,66,21.1,10.9,408,471,1,2024-04-12 07:00:00
1411,67,70,22.4,9.6,419,330,1,2024-04-12 13:00:00
1412,74,71,22.7,9.3,545,438,1,2024-04-12 19:00:00
1413,66,76,24.3,7.7,499,364,1,2024-04-13 01:00:00
1414,59,88,28.2,3.8,706,357,1,2024-04-13 07:00:00
1415,61,77,24.6,7.4,439,590,1,2024-04-13 13:00:00
1416,88,91,29.1,2.9,487,459,1,2024-04-13 19:00:00
1417,61,73,23.4,8.6,643,536,1,2024-04-14 01:00:00
1418,68,84,26.9,5.1,433,444,1,2024-04-14 07:00:00
1419,90,88,28.2,3.8,573,544,1,2024-04-14 13:00:00
1420,50,81,25.9,6.1,394,463,1,2024-04-14 19:00:00
1421,60,79,25.3,6.7,542,571,1,2024-04-15 01:00:00
1422,68,64,20.5,11.5,540,408,1,2024-04-15 07:00:00
1423,84,88,28.2,3.8,481,395,1,2024-04-15 13:00:00
1424,59,91,29.1,2.9,587,416,1,2024-04-15 19:00:00
1425,73,96,30.7,1.3,496,563,1,2024-04-16 01:00:00
1426,77,78,25,7,458,574,1,2024-04-16 07:00:00
1427,63,88,28.2,3.8,455,450,1,2024-04-16 13:00:00
1428,70,79,25.3,6.7,417,454,1,2024-04-16 19:00:00
1429,76,78,25,7,252,440,1,2024-04-17 01:00:00
1430,72,72,23,9,746,368,1,2024-04-17 07:00:00
1431,79,83,26.6,5.4,671,560,1,2024-04-17 13:00:00
1432,72,76,24.3,7.7,579,437,1,2024-04-17 19:00:00
1433,61,94,30.1,1.9,321,613,1,2024-04-18 01:00:00
1434,73,63,20.2,11.8,601,600,1,2024-04-18 07:00:00
1435,62,72,23,9,585,494,1,2024-04-18 13:00:00
1436,76,91,29.1,2.9,427,411,1,2024-04-18 19:00:00
1437,61,86,27.5,4.5,387,581,1,2024-04-19 01:00:00
1438,72,92,29.4,2.6,616,642,1,2024-04-19 07:00:00
1439,77,79,25.3,6.7,425,458,1,2024-04-19 13:00:00
1440,75,85,27.2,4.8,525,517,1,2024-04-19 19:00:00
1441,78,79,25.3,6.7,438,669,1,2024-04-20 01:00:00
1442,63,73,23.4,8.6,584,388,1,2024-04-20 07:00:00
1443,56,92,29.4,2.6,706,368,1,2024-04-20 13:00:00
1444,82,83,26.6,5.4,621,627,1,2024-04-20 19:00:00
1445,78,90,28.8,3.2,405,633,1,2024-04-21 01:00:00
1446,64,84,26.9,5.1,430,493,1,2024-04-21 07:00:00
1447,83,76,24.3,7.7,515,435,1,2024-04-21 13:00:00
1448,65,79,25.3,6.7,397,204,1,2024-04-21 19:00:00
1449,74,84,26.9,5.1,490,450,1,2024-04-22 01:00:00
1450,84,87,27.8,4.2,574,377,1,2024-04-22 07:00:00
1451,83,84,26.9,5.1,572,493,1,2024-04-22 13:00:00
1452,66,81,25.9,6.1,420,506,1,2024-04-22 19:00:00
1453,52,99,31.7,0.3,416,423,1,2024-04-23 01:00:00
1454,55,78,25,7,694,499,1,2024-04-23 07:00:00
1455,68,80,25.6,6.4,660,552,1,2024-04-23 13:00:00
1456,65,73,23.4,8.6,376,494,1,2024-04-23 19:00:00
1457,49,73,23.4,8.6,613,634,1,2024-04-24 01:00:00
1458,84,85,27.2,4.8,413,488,1,2024-04-24 07:00:00
1459,85,82,26.2,5.8,568,602,1,2024-04-24 13:00:00
1460,63,65,20.8,11.2,527,400,1,2024-04-24 19:00:00
1461,55,71,22.7,9.3,613,481,1,2024-04-25 01:00:00
1462,66,82,26.2,5.8,392,473,1,2024-04-25 07:00:00
1463,70,93,29.8,2.2,646,420,1,2024-04-25 13:00:00
1464,75,88,28.2,3.8,485,464,1,2024-04-25 19:00:00
1465,64,76,24.3,7.7,571,614,1,2024-04-26 01:00:00
1466,67,82,26.2,5.8,441,439,1,2024-04-26 07:00:00
1467,81,87,27.8,4.2,396,466,1,2024-04-26 13:00:00
1468,63,90,28.8,3.2,541,496,1,2024-04-26 19:00:00
1469,63,75,24,8,467,445,1,2024-04-27 01:00:00
1470,68,67,21.4,10.6,458,479,1,2024-04-27 07:00:00
1471,76,58,18.6,13.4,575,450,1,2024-04-27 13:00:00
1472,67,71,22.7,9.3,503,469,1,2024-04-27 19:00:00
1473,80,75,24,8,470,276,1,2024-04-28 01:00:00
1474,67,87,27.8,4.2,504,501,1,2024-04-28 07:00:00
1475,71,75,24,8,532,486,1,2024-04-28 13:00:00
1476,64,71,22.7,9.3,576,437,1,2024-04-28 19:00:00
1477,80,81,25.9,6.1,476,427,1,2024-04-29 01:00:00
1478,64,79,25.3,6.7,560,666,1,2024-04-29 07:00:00
1479,81,76,24.3,7.7,624,355,1,2024-04-29 13:00:00
1480,77,83,26.6,5.4,329,579,1,2024-04-29 19:00:00
1481,73,75,24,8,448,676,1,2024-04-30 01:00:00
1482,68,69,22.1,9.9,440,511,1,2024-04-30 07:00:00
1483,79,98,31.4,0.6,454,413,1,2024-04-30 13:00:00
1484,78,60,19.2,12.8,358,716,1,2024-04-30 19:00:00
1485,82,77,24.6,7.4,254,382,1,2024-05-01 01:00:00
1486,71,77,24.6,7.4,562,451,1,2024-05-01 07:00:00
1487,66,86,27.5,4.5,499,674,1,2024-05-01 13:00:00
1488,82,88,28.2,3.8,525,540,1,2024-05-01 19:00:00
1489,80,77,24.6,7.4,310,435,1,2024-05-02 01:00:00
1490,70,77,24.6,7.4,647,522,1,2024-05-02 07:00:00
1491,78,80,25.6,6.4,511,501,1,2024-05-02 13:00:00
1492,52,85,27.2,4.8,470,360,1,2024-05-02 19:00:00
1493,72,76,24.3,7.7,603,551,1,2024-05-03 01:00:00
1494,77,86,27.5,4.5,599,219,1,2024-05-03 07:00:00
1495,70,90,28.8,3.2,482,705,1,2024-05-03 13:00:00
1496,72,81,25.9,6.1,652,681,1,2024-05-03 19:00:00
1497,66,83,26.6,5.4,412,585,1,2024-05-04 01:00:00
1498,65,74,23.7,8.3,578,567,1,2024-05-04 07:00:00
1499,69,67,21.4,10.6,533,615,1,2024-05-04 13:00:00
1500,73,76,24.3,7.7,510,566,1,2024-05-04 19:00:00
1501,67,78,25,7,468,574,1,2024-05-05 01:00:00
1502,71,67,21.4,10.6,519,445,1,2024-05-05 07:00:00
1503,81,70,22.4,9.6,594,604,1,2024-05-05 13:00:00
1504,87,82,26.2,5.8,582,611,1,2024-05-05 19:00:00
1505,66,75,24,8,473,564,1,2024-05-06 01:00:00
1506,59,100,32.3,-0.3,298,555,1,2024-05-06 07:00:00
1507,74,66,21.1,10.9,465,550,1,2024-05-06 13:00:00
1508,82,76,24.3,7.7,453,463,1,2024-05-06 19:00:00
1509,59,75,24,8,661,549,1,2024-05-07 01:00:00
1510,70,85,27.2,4.8,551,709,1,2024-05-07 07:00:00
1511,73,78,25,7,468,348,1,2024-05-07 13:00:00
1512,75,95,30.4,1.6,543,512,1,2024-05-07 19:00:00
1513,85,94,30.1,1.9,514,672,1,2024-05-08 01:00:00
1514,83,84,26.9,5.1,566,649,1,2024-05-08 07:00:00
1515,62,71,22.7,9.3,349,441,1,2024-05-08 13:00:00
1516,64,87,27.8,4.2,473,596,1,2024-05-08 19:00:00
1517,92,89,28.5,3.5,346,430,1,2024-05-09 01:00:00
1518,65,74,23.7,8.3,634,647,1,2024-05-09 07:00:00
1519,67,75,24,8,662,452,1,2024-05-09 13:00:00
1520,78,76,24.3,7.7,736,718,1,2024-05-09 19:00:00
1521,78,57,18.2,13.8,603,518,1,2024-05-10 01:00:00
1522,83,100,33.3,-1.3,445,471,1,2024-05-10 07:00:00
1523,82,83,26.6,5.4,544,538,1,2024-05-10 13:00:00
1524,62,90,28.8,3.2,606,356,1,2024-05-10 19:00:00
1525,58,84,26.9,5.1,536,527,1,2024-05-11 01:00:00
1526,74,95,30.4,1.6,732,516,1,2024-05-11 07:00:00
1527,75,84,26.9,5.1,542,407,1,2024-05-11 13:00:00
1528,66,98,31.4,0.6,308,344,1,2024-05-11 19:00:00
1529,69,77,24.6,7.4,493,394,1,2024-05-12 01:00:00
1530,98,60,19.2,12.8,675,690,1,2024-05-12 07:00:00
1531,77,78,25,7,488,660,1,2024-05-12 13:00:00
1532,69,84,26.9,5.1,453,548,1,2024-05-12 19:00:00
1533,65,71,22.7,9.3,590,422,1,2024-05-13 01:00:00
1534,72,89,28.5,3.5,563,402,1,2024-05-13 07:00:00
1535,80,79,25.3,6.7,484,306,1,2024-05-13 13:00:00
1536,56,80,25.6,6.4,505,518,1,2024-05-13 19:00:00
1537,79,68,21.8,10.2,441,351,1,2024-05-14 01:00:00
1538,62,93,29.8,2.2,465,434,1,2024-05-14 07:00:00
1539,61,78,25,7,442,510,1,2024-05-14 13:00:00
1540,69,90,28.8,3.2,558,613,1,2024-05-14 19:00:00
1541,57,100,33.3,-1.3,296,521,1,2024-05-15 01:00:00
1542,97,76,24.3,7.7,394,464,1,2024-05-15 07:00:00
1543,87,86,27.5,4.5,349,533,1,2024-05-15 13:00:00
1544,58,85,27.2,4.8,545,462,1,2024-05-15 19:00:00
1545,90,79,25.3,6.7,608,247,1,2024-05-16 01:00:00
1546,65,79,25.3,6.7,618,613,1,2024-05-16 07:00:00
1547,50,57,18.2,13.8,624,298,1,2024-05-16 13:00:00
1548,70,95,30.4,1.6,470,546,1,2024-05-16 19:00:00
1549,63,60,19.2,12.8,587,381,1,2024-05-17 01:00:00
1550,66,75,24,8,485,644,1,2024-05-17 07:00:00
1551,67,73,23.4,8.6,380,457,1,2024-05-17 13:00:00
1552,63,75,24,8,719,391,1,2024-05-17 19:00:00
1553,65,70,22.4,9.6,388,458,1,2024-05-18 01:00:00
1554,85,70,22.4,9.6,574,410,1,2024-05-18 07:00:00
1555,62,83,26.6,5.4,557,562,1,2024-05-18 13:00:00
1556,60,79,25.3,6.7,407,578,1,2024-05-18 19:00:00
1557,65,84,26.9,5.1,687,547,1,2024-05-19 01:00:00
1558,87,99,31.7,0.3,625,484,1,2024-05-19 07:00:00
1559,74,71,22.7,9.3,590,392,1,2024-05-19 13:00:00
1560,56,75,24,8,382,236,1,2024-05-19 19:00:00
1561,74,66,21.1,10.9,514,490,1,2024-05-20 01:00:00
1562,67,64,20.5,11.5,605,467,1,2024-05-20 07:00:00
1563,79,62,19.8,12.2,459,465,1,2024-05-20 13:00:00
1564,80,84,26.9,5.1,393,479,1,2024-05-20 19:00:00
1565,76,68,21.8,10.2,246,412,1,2024-05-21 01:00:00
1566,62,92,29.4,2.6,538,647,1,2024-05-21 07:00:00
1567,61,87,27.8,4.2,428,469,1,2024-05-21 13:00:00
1568,76,77,24.6,7.4,533,499,1,2024-05-21 19:00:00
1569,78,63,20.2,11.8,399,520,1,2024-05-22 01:00:00
1570,75,97,31,1,694,517,1,2024-05-22 07:00:00
1571,77,84,26.9,5.1,527,563,1,2024-05-22 13:00:00
1572,75,82,26.2,5.8,357,462,1,2024-05-22 19:00:00
1573,99,91,29.1,2.9,367,516,1,2024-05-23 01:00:00
1574,72,75,24,8,621,513,1,2024-05-23 07:00:00
1575,76,67,21.4,10.6,539,506,1,2024-05-23 13:00:00
1576,59,52,16.6,15.4,467,434,1,2024-05-23 19:00:00
1577,85,73,23.4,8.6,600,538,1,2024-05-24 01:00:00
1578,40,77,24.6,7.4,450,519,1,2024-05-24 07:00:00
1579,54,72,23,9,383,527,1,2024-05-24 13:00:00
1580,76,85,27.2,4.8,529,468,1,2024-05-24 19:00:00
1581,78,76,24.3,7.7,473,610,1,2024-05-25 01:00:00
1582,64,73,23.4,8.6,653,546,1,2024-05-25 07:00:00
1583,93,69,22.1,9.9,311,422,1,2024-05-25 13:00:00
1584,71,94,30.1,1.9,507,717,1,2024-05-25 19:00:00
1585,84,94,30.1,1.9,552,461,1,2024-05-26 01:00:00
1586,80,85,27.2,4.8,526,365,1,2024-05-26 07:00:00
1587,80,78,25,7,472,465,1,2024-05-26 13:00:00
1588,76,70,22.4,9.6,667,682,1,2024-05-26 19:00:00
1589,83,100,32,0,723,528,1,2024-05-27 01:00:00
1590,69,80,25.6,6.4,381,436,1,2024-05-27 07:00:00
1591,72,79,25.3,6.7,644,666,1,2024-05-27 13:00:00
1592,69,83,26.6,5.4,481,508,1,2024-05-27 19:00:00
1593,83,83,26.6,5.4,384,449,1,2024-05-28 01:00:00
1594,77,84,26.9,5.1,510,533,1,2024-05-28 07:00:00
1595,64,92,29.4,2.6,523,563,1,2024-05-28 13:00:00
1596,60,73,23.4,8.6,573,391,1,2024-05-28 19:00:00
1597,65,92,29.4,2.6,617,401,1,2024-05-29 01:00:00
1598,57,87,27.8,4.2,641,471,1,2024-05-29 07:00:00
1599,71,92,29.4,2.6,586,530,1,2024-05-29 13:00:00
1600,70,77,24.6,7.4,449,463,1,2024-05-29 19:00:00
1601,74,71,22.7,9.3,589,409,1,2024-05-30 01:00:00
1602,71,72,23,9,749,463,1,2024-05-30 07:00:00
1603,69,95,30.4,1.6,679,654,1,2024-05-30 13:00:00
1604,65,88,28.2,3.8,614,484,1,2024-05-30 19:00:00
1605,72,87,27.8,4.2,547,476,1,2024-05-31 01:00:00
1606,88,87,27.8,4.2,313,473,1,2024-05-31 07:00:00
1607,50,76,24.3,7.7,621,484,1,2024-05-31 13:00:00
1608,94,72,23,9,549,458,1,2024-05-31 19:00:00
1609,54,71,22.7,9.3,429,573,1,2024-06-01 01:00:00
1610,85,88,28.2,3.8,500,504,1,2024-06-01 07:00:00
1611,67,80,25.6,6.4,433,528,1,2024-06-01 13:00:00
1612,62,88,28.2,3.8,491,525,1,2024-06-01 19:00:00
1613,66,62,19.8,12.2,558,409,1,2024-06-02 01:00:00
1614,64,90,28.8,3.2,670,403,1,2024-06-02 07:00:00
1615,58,85,27.2,4.8,485,745,1,2024-06-02 13:00:00
1616,66,82,26.2,5.8,479,470,1,2024-06-02 19:00:00
1617,73,87,27.8,4.2,326,562,1,2024-06-03 01:00:00
1618,67,81,25.9,6.1,506,357,1,2024-06-03 07:00:00
1619,83,84,26.9,5.1,371,780,1,2024-06-03 13:00:00
1620,75,93,29.8,2.2,496,592,1,2024-06-03 19:00:00
1621,81,93,29.8,2.2,386,594,1,2024-06-04 01:00:00
1622,68,65,20.8,11.2,514,472,1,2024-06-04 07:00:00
1623,62,86,27.5,4.5,528,464,1,2024-06-04 13:00:00
1624,70,88,28.2,3.8,574,529,1,2024-06-04 19:00:00
1625,67,55,17.6,14.4,591,765,1,2024-06-05 01:00:00
1626,66,80,25.6,6.4,493,268,1,2024-06-05 07:00:00
1627,77,86,27.5,4.5,553,580,1,2024-06-05 13:00:00
1628,79,85,27.2,4.8,535,443,1,2024-06-05 19:00:00
1629,57,85,27.2,4.8,604,480,1,2024-06-06 01:00:00
1630,79,83,26.6,5.4,542,501,1,2024-06-06 07:00:00
1631,62,91,29.1,2.9,410,602,1,2024-06-06 13:00:00
1632,71,80,25.6,6.4,627,545,1,2024-06-06 19:00:00
1633,60,61,19.5,12.5,564,457,1,2024-06-07 01:00:00
1634,56,70,22.4,9.6,513,316,1,2024-06-07 07:00:00
1635,68,75,24,8,605,364,1,2024-06-07 13:00:00
1636,69,79,25.3,6.7,567,494,1,2024-06-07 19:00:00
1637,68,95,30.4,1.6,576,479,1,2024-06-08 01:00:00
1638,53,78,25,7,533,348,1,2024-06-08 07:00:00
1639,65,88,28.2,3.8,445,488,1,2024-06-08 13:00:00
1640,68,87,27.8,4.2,398,584,1,2024-06-08 19:00:00
1641,65,82,26.2,5.8,545,602,1,2024-06-09 01:00:00
1642,62,85,27.2,4.8,482,457,1,2024-06-09 07:00:00
1643,81,73,23.4,8.6,366,467,1,2024-06-09 13:00:00
1644,66,78,25,7,584,507,1,2024-06-09 19:00:00
1645,61,58,18.6,13.4,508,523,1,2024-06-10 01:00:00
1646,42,79,25.3,6.7,503,344,1,2024-06-10 07:00:00
1647,84,89,28.5,3.5,298,538,1,2024-06-10 13:00:00
1648,83,88,28.2,3.8,443,450,1,2024-06-10 19:00:00
1649,68,80,25.6,6.4,653,593,1,2024-06-11 01:00:00
1650,66,91,29.1,2.9,244,516,1,2024-06-11 07:00:00
1651,71,85,27.2,4.8,399,593,1,2024-06-11 13:00:00
1652,69,89,28.5,3.5,543,500,1,2024-06-11 19:00:00
1653,79,87,27.8,4.2,562,486,1,2024-06-12 01:00:00
1654,79,78,25,7,538,553,1,2024-06-12 07:00:00
1655,60,93,29.8,2.2,505,490,1,2024-06-12 13:00:00
1656,58,71,22.7,9.3,420,566,1,2024-06-12 19:00:00
1657,82,81,25.9,6.1,332,402,1,2024-06-13 01:00:00
1658,74,81,25.9,6.1,367,292,1,2024-06-13 07:00:00
1659,69,90,28.8,3.2,495,619,1,2024-06-13 13:00:00
1660,73,85,27.2,4.8,490,559,1,2024-06-13 19:00:00
1661,91,85,27.2,4.8,529,466,1,2024-06-14 01:00:00
1662,61,85,27.2,4.8,494,525,1,2024-06-14 07:00:00
1663,70,85,27.2,4.8,415,636,1,2024-06-14 13:00:00
1664,73,91,29.1,2.9,526,482,1,2024-06-14 19:00:00
1665,63,76,24.3,7.7,411,503,1,2024-06-15 01:00:00
1666,73,99,31.7,0.3,330,437,1,2024-06-15 07:00:00
1667,68,92,29.4,2.6,339,400,1,2024-06-15 13:00:00
1668,65,78,25,7,431,540,1,2024-06-15 19:00:00
1669,86,74,23.7,8.3,570,472,1,2024-06-16 01:00:00
1670,64,70,22.4,9.6,612,402,1,2024-06-16 07:00:00
1671,98,92,29.4,2.6,329,360,1,2024-06-16 13:00:00
1672,66,80,25.6,6.4,575,448,1,2024-06-16 19:00:00
1673,45,94,30.1,1.9,299,536,1,2024-06-17 01:00:00
1674,73,82,26.2,5.8,430,599,1,2024-06-17 07:00:00
1675,68,80,25.6,6.4,353,461,1,2024-06-17 13:00:00
1676,56,76,24.3,7.7,547,338,1,2024-06-17 19:00:00
1677,80,67,21.4,10.6,376,465,1,2024-06-18 01:00:00
1678,61,74,23.7,8.3,583,600,1,2024-06-18 07:00:00
1679,75,85,27.2,4.8,613,593,1,2024-06-18 13:00:00
1680,65,94,30.1,1.9,338,395,1,2024-06-18 19:00:00
1681,51,87,27.8,4.2,262,521,1,2024-06-19 01:00:00
1682,76,91,29.1,2.9,473,475,1,2024-06-19 07:00:00
1683,63,95,30.4,1.6,597,482,1,2024-06-19 13:00:00
1684,63,81,25.9,6.1,404,589,1,2024-06-19 19:00:00
1685,78,80,25.6,6.4,216,477,1,2024-06-20 01:00:00
1686,63,96,30.7,1.3,569,496,1,2024-06-20 07:00:00
1687,60,72,23,9,601,426,1,2024-06-20 13:00:00
1688,48,74,23.7,8.3,653,456,1,2024-06-20 19:00:00
1689,74,78,25,7,583,370,1,2024-06-21 01:00:00
1690,80,54,17.3,14.7,489,560,1,2024-06-21 07:00:00
1691,58,78,25,7,529,410,1,2024-06-21 13:00:00
1692,87,95,30.4,1.6,679,696,1,2024-06-21 19:00:00
1693,62,72,23,9,426,546,1,2024-06-22 01:00:00
1694,86,83,26.6,5.4,367,362,1,2024-06-22 07:00:00
1695,64,90,28.8,3.2,403,421,1,2024-06-22 13:00:00
1696,69,97,31,1,514,681,1,2024-06-22 19:00:00
1697,87,70,22.4,9.6,492,371,1,2024-06-23 01:00:00
1698,75,80,25.6,6.4,383,393,1,2024-06-23 07:00:00
1699,54,71,22.7,9.3,565,469,1,2024-06-23 13:00:00
1700,75,79,25.3,6.7,477,477,1,2024-06-23 19:00:00
1701,69,74,23.7,8.3,574,474,1,2024-06-24 01:00:00
1702,68,69,22.1,9.9,463,553,1,2024-06-24 07:00:00
1703,58,78,25,7,599,464,1,2024-06-24 13:00:00
1704,63,82,26.2,5.8,495,626,1,2024-06-24 19:00:00
1705,69,76,24.3,7.7,446,466,1,2024-06-25 01:00:00
1706,56,94,30.1,1.9,426,474,1,2024-06-25 07:00:00
1707,69,81,25.9,6.1,425,522,1,2024-06-25 13:00:00
1708,67,88,28.2,3.8,636,390,1,2024-06-25 19:00:00
1709,57,95,30.4,1.6,528,621,1,2024-06-26 01:00:00
1710,57,81,25.9,6.1,404,578,1,2024-06-26 07:00:00
1711,78,84,26.9,5.1,427,670,1,2024-06-26 13:00:00
1712,67,88,28.2,3.8,396,645,1,2024-06-26 19:00:00
1713,60,85,27.2,4.8,580,516,1,2024-06-27 01:00:00
1714,72,78,25,7,394,395,1,2024-06-27 07:00:00
1715,60,89,28.5,3.5,587,478,1,2024-06-27 13:00:00
1716,93,76,24.3,7.7,631,462,1,2024-06-27 19:00:00
1717,69,86,27.5,4.5,596,588,1,2024-06-28 01:00:00
1718,54,89,28.5,3.5,508,276,1,2024-06-28 07:00:00
1719,85,89,28.5,3.5,432,383,1,2024-06-28 13:00:00
1720,81,77,24.6,7.4,483,534,1,2024-06-28 19:00:00
1721,84,82,26.2,5.8,425,669,1,2024-06-29 01:00:00
1722,57,96,30.7,1.3,505,544,1,2024-06-29 07:00:00
1723,52,78,25,7,604,465,1,2024-06-29 13:00:00
1724,62,95,30.4,1.6,511,515,1,2024-06-29 19:00:00
1725,63,85,27.2,4.8,473,460,1,2024-06-30 01:00:00
1726,80,77,24.6,7.4,503,735,1,2024-06-30 07:00:00
1727,77,73,23.4,8.6,549,512,1,2024-06-30 13:00:00
1728,69,98,31.4,0.6,580,434,1,2024-06-30 19:00:00
1729,76,99,31.7,0.3,473,353,1,2024-07-01 01:00:00
1730,73,79,25.3,6.7,535,441,1,2024-07-01 07:00:00
1731,58,84,26.9,5.1,382,437,1,2024-07-01 13:00:00
1732,48,89,28.5,3.5,469,655,1,2024-07-01 19:00:00
1733,80,84,26.9,5.1,549,263,1,2024-07-02 01:00:00
1734,74,84,26.9,5.1,464,531,1,2024-07-02 07:00:00
1735,70,75,24,8,613,583,1,2024-07-02 13:00:00
1736,75,100,32.3,-0.3,478,607,1,2024-07-02 19:00:00
1737,75,71,22.7,9.3,590,495,1,2024-07-03 01:00:00
1738,61,71,22.7,9.3,458,471,1,2024-07-03 07:00:00
1739,71,87,27.8,4.2,422,587,1,2024-07-03 13:00:00
1740,79,89,28.5,3.5,385,517,1,2024-07-03 19:00:00
1741,72,100,33,-1,379,620,1,2024-07-04 01:00:00
1742,65,77,24.6,7.4,523,474,1,2024-07-04 07:00:00
1743,84,95,30.4,1.6,480,516,1,2024-07-04 13:00:00
1744,62,66,21.1,10.9,614,445,1,2024-07-04 19:00:00
1745,85,75,24,8,643,504,1,2024-07-05 01:00:00
1746,61,84,26.9,5.1,573,511,1,2024-07-05 07:00:00
1747,79,92,29.4,2.6,510,496,1,2024-07-05 13:00:00
1748,66,63,20.2,11.8,434,514,1,2024-07-05 19:00:00
1749,70,58,18.6,13.4,470,511,1,2024-07-06 01:00:00
1750,52,70,22.4,9.6,430,430,1,2024-07-06 07:00:00
1751,97,88,28.2,3.8,391,382,1,2024-07-06 13:00:00
1752,61,72,23,9,656,695,1,2024-07-06 19:00:00
1753,66,62,19.8,12.2,617,447,1,2024-07-07 01:00:00
1754,85,91,29.1,2.9,456,448,1,2024-07-07 07:00:00
1755,65,99,31.7,0.3,321,573,1,2024-07-07 13:00:00
1756,59,83,26.6,5.4,588,378,1,2024-07-07 19:00:00
1757,73,76,24.3,7.7,500,391,1,2024-07-08 01:00:00
1758,78,87,27.8,4.2,465,605,1,2024-07-08 07:00:00
1759,81,84,26.9,5.1,650,538,1,2024-07-08 13:00:00
1760,73,70,22.4,9.6,349,591,1,2024-07-08 19:00:00
1761,71,84,26.9,5.1,447,410,1,2024-07-09 01:00:00
1762,70,66,21.1,10.9,412,442,1,2024-07-09 07:00:00
1763,53,68,21.8,10.2,358,376,1,2024-07-09 13:00:00
1764,78,71,22.7,9.3,541,563,1,2024-07-09 19:00:00
1765,61,86,27.5,4.5,607,566,1,2024-07-10 01:00:00
1766,65,81,25.9,6.1,482,561,1,2024-07-10 07:00:00
1767,62,77,24.6,7.4,638,670,1,2024-07-10 13:00:00
1768,76,91,29.1,2.9,360,474,1,2024-07-10 19:00:00
1769,71,95,30.4,1.6,439,547,1,2024-07-11 01:00:00
1770,82,100,33,-1,476,558,1,2024-07-11 07:00:00
1771,74,91,29.1,2.9,507,522,1,2024-07-11 13:00:00
1772,65,63,20.2,11.8,496,359,1,2024-07-11 19:00:00
1773,76,80,25.6,6.4,434,398,1,2024-07-12 01:00:00
1774,77,50,16,16,422,390,1,2024-07-12 07:00:00
1775,77,87,27.8,4.2,460,492,1,2024-07-12 13:00:00
1776,66,78,25,7,550,492,1,2024-07-12 19:00:00
1777,54,90,28.8,3.2,397,557,1,2024-07-13 01:00:00
1778,73,95,30.4,1.6,526,505,1,2024-07-13 07:00:00
1779,80,98,31.4,0.6,621,541,1,2024-07-13 13:00:00
1780,81,70,22.4,9.6,406,313,1,2024-07-13 19:00:00
1781,86,87,27.8,4.2,455,447,1,2024-07-14 01:00:00
1782,62,67,21.4,10.6,572,510,1,2024-07-14 07:00:00
1783,77,79,25.3,6.7,571,524,1,2024-07-14 13:00:00
1784,62,89,28.5,3.5,324,559,1,2024-07-14 19:00:00
1785,91,82,26.2,5.8,501,409,1,2024-07-15 01:00:00
1786,87,66,21.1,10.9,541,450,1,2024-07-15 07:00:00
1787,82,82,26.2,5.8,488,562,1,2024-07-15 13:00:00
1788,63,67,21.4,10.6,566,521,1,2024-07-15 19:00:00
1789,49,87,27.8,4.2,437,407,1,2024-07-16 01:00:00
1790,75,65,20.8,11.2,622,572,1,2024-07-16 07:00:00
1791,80,87,27.8,4.2,538,500,1,2024-07-16 13:00:00
1792,80,94,30.1,1.9,343,286,1,2024-07-16 19:00:00
1793,71,98,31.4,0.6,532,643,1,2024-07-17 01:00:00
1794,78,90,28.8,3.2,504,541,1,2024-07-17 07:00:00
1795,61,61,19.5,12.5,430,487,1,2024-07-17 13:00:00
1796,62,66,21.1,10.9,525,318,1,2024-07-17 19:00:00
1797,83,67,21.4,10.6,482,519,1,2024-07-18 01:00:00
1798,66,90,28.8,3.2,564,448,1,2024-07-18 07:00:00
1799,91,94,30.1,1.9,431,412,1,2024-07-18 13:00:00
1800,74,70,22.4,9.6,560,549,1,2024-07-18 19:00:00
1801,67,91,29.1,2.9,538,518,1,2024-07-19 01:00:00
1802,65,95,30.4,1.6,570,584,1,2024-07-19 07:00:00
1803,84,84,26.9,5.1,570,648,1,2024-07-19 13:00:00
1804,74,88,28.2,3.8,281,435,1,2024-07-19 19:00:00
1805,69,57,18.2,13.8,546,599,1,2024-07-20 01:00:00
1806,56,78,25,7,431,542,1,2024-07-20 07:00:00
1807,73,77,24.6,7.4,463,339,1,2024-07-20 13:00:00
1808,82,71,22.7,9.3,600,760,1,2024-07-20 19:00:00
1809,57,82,26.2,5.8,445,545,1,2024-07-21 01:00:00
1810,59,100,32.3,-0.3,470,394,1,2024-07-21 07:00:00
1811,77,73,23.4,8.6,736,440,1,2024-07-21 13:00:00
1812,77,69,22.1,9.9,508,401,1,2024-07-21 19:00:00
1813,61,88,28.2,3.8,636,785,1,2024-07-22 01:00:00
1814,58,76,24.3,7.7,437,295,1,2024-07-22 07:00:00
1815,64,58,18.6,13.4,616,541,1,2024-07-22 13:00:00
1816,62,74,23.7,8.3,611,551,1,2024-07-22 19:00:00
1817,63,67,21.4,10.6,551,505,1,2024-07-23 01:00:00
1818,59,72,23,9,485,628,1,2024-07-23 07:00:00
1819,76,86,27.5,4.5,573,496,1,2024-07-23 13:00:00
1820,87,90,28.8,3.2,783,532,1,2024-07-23 19:00:00
1821,64,62,19.8,12.2,396,432,1,2024-07-24 01:00:00
1822,72,80,25.6,6.4,618,485,1,2024-07-24 07:00:00
1823,69,83,26.6,5.4,550,360,1,2024-07-24 13:00:00
1824,73,72,23,9,421,506,1,2024-07-24 19:00:00
1825,60,84,26.9,5.1,406,243,1,2024-07-25 01:00:00
1826,75,80,25.6,6.4,562,500,1,2024-07-25 07:00:00
1827,78,89,28.5,3.5,617,424,1,2024-07-25 13:00:00
1828,74,82,26.2,5.8,385,532,1,2024-07-25 19:00:00
1829,60,67,21.4,10.6,639,466,1,2024-07-26 01:00:00
1830,81,90,28.8,3.2,342,431,1,2024-07-26 07:00:00
1831,53,59,18.9,13.1,313,487,1,2024-07-26 13:00:00
1832,59,69,22.1,9.9,471,526,1,2024-07-26 19:00:00
1833,63,65,20.8,11.2,616,503,1,2024-07-27 01:00:00
1834,64,80,25.6,6.4,673,523,1,2024-07-27 07:00:00
1835,66,70,22.4,9.6,442,481,1,2024-07-27 13:00:00
1836,80,66,21.1,10.9,628,463,1,2024-07-27 19:00:00
1837,64,80,25.6,6.4,512,602,1,2024-07-28 01:00:00
1838,80,70,22.4,9.6,640,574,1,2024-07-28 07:00:00
1839,62,82,26.2,5.8,331,510,1,2024-07-28 13:00:00
1840,66,87,27.8,4.2,461,449,1,2024-07-28 19:00:00
1841,57,80,25.6,6.4,461,339,1,2024-07-29 01:00:00
1842,75,79,25.3,6.7,458,466,1,2024-07-29 07:00:00
1843,80,73,23.4,8.6,671,509,1,2024-07-29 13:00:00
1844,57,77,24.6,7.4,624,513,1,2024-07-29 19:00:00
1845,67,86,27.5,4.5,398,561,1,2024-07-30 01:00:00
1846,89,90,28.8,3.2,478,444,1,2024-07-30 07:00:00
1847,60,68,21.8,10.2,581,514,1,2024-07-30 13:00:00
1848,67,73,23.4,8.6,420,499,1,2024-07-30 19:00:00
1849,68,87,27.8,4.2,441,607,1,2024-07-31 01:00:00
1850,77,74,23.7,8.3,535,540,1,2024-07-31 07:00:00
1851,69,81,25.9,6.1,530,712,1,2024-07-31 13:00:00
1852,68,85,27.2,4.8,548,455,1,2024-07-31 19:00:00
1853,80,77,24.6,7.4,430,707,1,2024-08-01 01:00:00
1854,60,87,27.8,4.2,587,725,1,2024-08-01 07:00:00
1855,71,88,28.2,3.8,498,492,1,2024-08-01 13:00:00
1856,56,100,32.3,-0.3,421,615,1,2024-08-01 19:00:00
1857,68,72,23,9,523,362,1,2024-08-02 01:00:00
1858,88,66,21.1,10.9,549,458,1,2024-08-02 07:00:00
1859,83,86,27.5,4.5,609,398,1,2024-08-02 13:00:00
1860,84,88,28.2,3.8,389,473,1,2024-08-02 19:00:00
1861,60,77,24.6,7.4,349,342,1,2024-08-03 01:00:00
1862,77,79,25.3,6.7,463,422,1,2024-08-03 07:00:00
1863,65,100,32,0,524,545,1,2024-08-03 13:00:00
1864,76,78,25,7,700,476,1,2024-08-03 19:00:00
1865,63,79,25.3,6.7,416,627,1,2024-08-04 01:00:00
1866,80,94,30.1,1.9,499,555,1,2024-08-04 07:00:00
1867,59,82,26.2,5.8,581,568,1,2024-08-04 13:00:00
1868,92,98,31.4,0.6,619,360,1,2024-08-04 19:00:00
1869,65,64,20.5,11.5,536,392,1,2024-08-05 01:00:00
1870,49,75,24,8,569,442,1,2024-08-05 07:00:00
1871,83,82,26.2,5.8,474,556,1,2024-08-05 13:00:00
1872,54,70,22.4,9.6,524,532,1,2024-08-05 19:00:00
1873,84,85,27.2,4.8,410,433,1,2024-08-06 01:00:00
1874,68,82,26.2,5.8,649,496,1,2024-08-06 07:00:00
1875,83,70,22.4,9.6,713,519,1,2024-08-06 13:00:00
1876,64,78,25,7,538,439,1,2024-08-06 19:00:00
1877,84,85,27.2,4.8,543,463,1,2024-08-07 01:00:00
1878,89,86,27.5,4.5,499,498,1,2024-08-07 07:00:00
1879,57,65,20.8,11.2,438,269,1,2024-08-07 13:00:00
1880,85,75,24,8,379,494,1,2024-08-07 19:00:00
1881,81,75,24,8,581,509,1,2024-08-08 01:00:00
1882,64,85,27.2,4.8,325,429,1,2024-08-08 07:00:00
1883,66,83,26.6,5.4,556,640,1,2024-08-08 13:00:00
1884,68,82,26.2,5.8,339,433,1,2024-08-08 19:00:00
1885,79,86,27.5,4.5,498,591,1,2024-08-09 01:00:00
1886,57,83,26.6,5.4,572,434,1,2024-08-09 07:00:00
1887,79,88,28.2,3.8,398,379,1,2024-08-09 13:00:00
1888,80,78,25,7,473,397,1,2024-08-09 19:00:00
1889,39,69,22.1,9.9,414,530,1,2024-08-10 01:00:00
1890,79,89,28.5,3.5,663,436,1,2024-08-10 07:00:00
1891,77,75,24,8,509,423,1,2024-08-10 13:00:00
1892,73,67,21.4,10.6,420,439,1,2024-08-10 19:00:00
1893,71,87,27.8,4.2,587,351,1,2024-08-11 01:00:00
1894,60,75,24,8,553,460,1,2024-08-11 07:00:00
1895,63,80,25.6,6.4,638,463,1,2024-08-11 13:00:00
1896,76,80,25.6,6.4,473,596,1,2024-08-11 19:00:00
1897,74,79,25.3,6.7,357,542,1,2024-08-12 01:00:00
1898,70,74,23.7,8.3,670,474,1,2024-08-12 07:00:00
1899,46,76,24.3,7.7,406,483,1,2024-08-12 13:00:00
1900,75,81,25.9,6.1,524,278,1,2024-08-12 19:00:00
1901,74,75,24,8,468,444,1,2024-08-13 01:00:00
1902,75,82,26.2,5.8,414,583,1,2024-08-13 07:00:00
1903,88,79,25.3,6.7,482,585,1,2024-08-13 13:00:00
1904,66,64,20.5,11.5,332,425,1,2024-08-13 19:00:00
1905,75,85,27.2,4.8,640,739,1,2024-08-14 01:00:00
1906,70,74,23.7,8.3,580,609,1,2024-08-14 07:00:00
1907,70,76,24.3,7.7,605,503,1,2024-08-14 13:00:00
1908,72,80,25.6,6.4,535,492,1,2024-08-14 19:00:00
1909,63,74,23.7,8.3,617,530,1,2024-08-15 01:00:00
1910,67,92,29.4,2.6,394,439,1,2024-08-15 07:00:00
1911,79,85,27.2,4.8,528,495,1,2024-08-15 13:00:00
1912,69,92,29.4,2.6,381,573,1,2024-08-15 19:00:00
1913,69,72,23,9,534,570,1,2024-08-16 01:00:00
1914,69,75,24,8,590,607,1,2024-08-16 07:00:00
1915,87,79,25.3,6.7,437,510,1,2024-08-16 13:00:00
1916,65,97,31,1,426,462,1,2024-08-16 19:00:00
1917,67,82,26.2,5.8,642,435,1,2024-08-17 01:00:00
1918,70,67,21.4,10.6,640,486,1,2024-08-17 07:00:00
1919,64,72,23,9,487,653,1,2024-08-17 13:00:00
1920,65,83,26.6,5.4,503,426,1,2024-08-17 19:00:00
1921,79,74,23.7,8.3,392,482,1,2024-08-18 01:00:00
1922,58,92,29.4,2.6,428,580,1,2024-08-18 07:00:00
1923,60,79,25.3,6.7,514,408,1,2024-08-18 13:00:00
1924,68,98,31.4,0.6,488,588,1,2024-08-18 19:00:00
1925,62,88,28.2,3.8,447,558,1,2024-08-19 01:00:00
1926,61,69,22.1,9.9,442,606,1,2024-08-19 07:00:00
1927,73,90,28.8,3.2,557,511,1,2024-08-19 13:00:00
1928,62,78,25,7,532,474,1,2024-08-19 19:00:00
1929,77,80,25.6,6.4,527,429,1,2024-08-20 01:00:00
1930,67,94,30.1,1.9,588,446,1,2024-08-20 07:00:00
1931,59,82,26.2,5.8,448,594,1,2024-08-20 13:00:00
1932,70,86,27.5,4.5,444,614,1,2024-08-20 19:00:00
1933,84,91,29.1,2.9,557,683,1,2024-08-21 01:00:00
1934,89,70,22.4,9.6,392,611,1,2024-08-21 07:00:00
1935,66,82,26.2,5.8,621,399,1,2024-08-21 13:00:00
1936,87,73,23.4,8.6,461,471,1,2024-08-21 19:00:00
1937,77,89,28.5,3.5,430,649,1,2024-08-22 01:00:00
1938,71,72,23,9,489,552,1,2024-08-22 07:00:00
1939,81,95,30.4,1.6,398,573,1,2024-08-22 13:00:00
1940,78,91,29.1,2.9,353,565,1,2024-08-22 19:00:00
1941,64,64,20.5,11.5,467,325,1,2024-08-23 01:00:00
1942,74,67,21.4,10.6,517,606,1,2024-08-23 07:00:00
1943,61,82,26.2,5.8,483,392,1,2024-08-23 13:00:00
1944,78,70,22.4,9.6,273,332,1,2024-08-23 19:00:00
1945,76,76,24.3,7.7,559,372,1,2024-08-24 01:00:00
1946,69,93,29.8,2.2,404,378,1,2024-08-24 07:00:00
1947,57,55,17.6,14.4,623,351,1,2024-08-24 13:00:00
1948,48,86,27.5,4.5,220,549,1,2024-08-24 19:00:00
1949,55,75,24,8,593,396,1,2024-08-25 01:00:00
1950,63,95,30.4,1.6,346,575,1,2024-08-25 07:00:00
1951,59,77,24.6,7.4,631,634,1,2024-08-25 13:00:00
1952,67,86,27.5,4.5,435,530,1,2024-08-25 19:00:00
1953,67,71,22.7,9.3,570,518,1,2024-08-26 01:00:00
1954,72,93,29.8,2.2,446,524,1,2024-08-26 07:00:00
1955,74,84,26.9,5.1,628,440,1,2024-08-26 13:00:00
1956,55,85,27.2,4.8,587,350,1,2024-08-26 19:00:00
1957,69,76,24.3,7.7,428,449,1,2024-08-27 01:00:00
1958,83,70,22.4,9.6,452,450,1,2024-08-27 07:00:00
1959,69,75,24,8,612,480,1,2024-08-27 13:00:00
1960,49,80,25.6,6.4,537,403,1,2024-08-27 19:00:00
1961,83,76,24.3,7.7,551,473,1,2024-08-28 01:00:00
1962,66,57,18.2,13.8,385,378,1,2024-08-28 07:00:00
1963,92,69,22.1,9.9,547,447,1,2024-08-28 13:00:00
1964,90,81,25.9,6.1,457,444,1,2024-08-28 19:00:00
1965,80,77,24.6,7.4,492,434,1,2024-08-29 01:00:00
1966,80,85,27.2,4.8,442,437,1,2024-08-29 07:00:00
1967,68,83,26.6,5.4,570,686,1,2024-08-29 13:00:00
1968,67,92,29.4,2.6,450,523,1,2024-08-29 19:00:00
1969,51,83,26.6,5.4,636,514,1,2024-08-30 01:00:00
1970,68,67,21.4,10.6,527,474,1,2024-08-30 07:00:00
1971,66,90,28.8,3.2,394,625,1,2024-08-30 13:00:00
1972,65,85,27.2,4.8,546,507,1,2024-08-30 19:00:00
1973,68,87,27.8,4.2,519,481,1,2024-08-31 01:00:00
1974,76,87,27.8,4.2,574,459,1,2024-08-31 07:00:00
1975,66,96,30.7,1.3,310,586,1,2024-08-31 13:00:00
1976,58,71,22.7,9.3,480,557,1,2024-08-31 19:00:00
1977,69,70,22.4,9.6,447,548,1,2024-09-01 01:00:00
1978,71,84,26.9,5.1,659,524,1,2024-09-01 07:00:00
1979,71,60,19.2,12.8,559,540,1,2024-09-01 13:00:00
1980,78,92,29.4,2.6,603,419,1,2024-09-01 19:00:00
1981,66,77,24.6,7.4,429,463,1,2024-09-02 01:00:00
1982,74,81,25.9,6.1,497,613,1,2024-09-02 07:00:00
1983,77,72,23,9,447,502,1,2024-09-02 13:00:00
1984,71,70,22.4,9.6,496,554,1,2024-09-02 19:00:00
1985,69,70,22.4,9.6,576,482,1,2024-09-03 01:00:00
1986,60,76,24.3,7.7,639,685,1,2024-09-03 07:00:00
1987,66,68,21.8,10.2,531,336,1,2024-09-03 13:00:00
1988,70,62,19.8,12.2,413,426,1,2024-09-03 19:00:00
1989,64,53,17,15,510,679,1,2024-09-04 01:00:00
1990,56,91,29.1,2.9,584,523,1,2024-09-04 07:00:00
1991,67,92,29.4,2.6,517,496,1,2024-09-04 13:00:00
1992,90,87,27.8,4.2,486,459,1,2024-09-04 19:00:00
1993,59,91,29.1,2.9,461,523,1,2024-09-05 01:00:00
1994,57,68,21.8,10.2,488,467,1,2024-09-05 07:00:00
1995,78,73,23.4,8.6,527,433,1,2024-09-05 13:00:00
1996,63,82,26.2,5.8,570,476,1,2024-09-05 19:00:00
1997,64,69,22.1,9.9,423,325,1,2024-09-06 01:00:00
1998,57,70,22.4,9.6,458,442,1,2024-09-06 07:00:00
1999,75,71,22.7,9.3,561,410,1,2024-09-06 13:00:00
2000,74,90,28.8,3.2,564,406,1,2024-09-06 19:00:00
2001,58,79,25.3,6.7,350,504,1,2024-09-07 01:00:00
2002,47,81,25.9,6.1,492,589,1,2024-09-07 07:00:00
2003,95,85,27.2,4.8,484,470,1,2024-09-07 13:00:00
2004,65,83,26.6,5.4,525,548,1,2024-09-07 19:00:00
2005,78,80,25.6,6.4,510,417,1,2024-09-08 01:00:00
2006,73,76,24.3,7.7,515,616,1,2024-09-08 07:00:00
2007,70,92,29.4,2.6,531,418,1,2024-09-08 13:00:00
2008,63,96,30.7,1.3,338,522,1,2024-09-08 19:00:00
2009,82,78,25,7,414,458,1,2024-09-09 01:00:00
2010,48,85,27.2,4.8,442,506,1,2024-09-09 07:00:00
2011,82,80,25.6,6.4,484,444,1,2024-09-09 13:00:00
2012,73,86,27.5,4.5,556,491,1,2024-09-09 19:00:00
2013,77,75,24,8,597,624,1,2024-09-10 01:00:00
2014,63,91,29.1,2.9,642,544,1,2024-09-10 07:00:00
2015,97,96,30.7,1.3,547,421,1,2024-09-10 13:00:00
2016,70,76,24.3,7.7,476,337,1,2024-09-10 19:00:00
2017,63,98,31.4,0.6,326,478,1,2024-09-11 01:00:00
2018,72,94,30.1,1.9,441,436,1,2024-09-11 07:00:00
2019,81,78,25,7,401,576,1,2024-09-11 13:00:00
2020,55,79,25.3,6.7,570,661,1,2024-09-11 19:00:00
2021,55,86,27.5,4.5,528,492,1,2024-09-12 01:00:00
2022,79,67,21.4,10.6,576,562,1,2024-09-12 07:00:00
2023,51,71,22.7,9.3,279,662,1,2024-09-12 13:00:00
2024,52,85,27.2,4.8,581,578,1,2024-09-12 19:00:00
2025,59,76,24.3,7.7,487,578,1,2024-09-13 01:00:00
2026,68,71,22.7,9.3,551,443,1,2024-09-13 07:00:00
2027,74,68,21.8,10.2,560,507,1,2024-09-13 13:00:00
2028,78,92,29.4,2.6,430,356,1,2024-09-13 19:00:00
2029,64,73,23.4,8.6,536,397,1,2024-09-14 01:00:00
2030,76,79,25.3,6.7,555,376,1,2024-09-14 07:00:00
2031,67,86,27.5,4.5,500,518,1,2024-09-14 13:00:00
2032,73,72,23,9,597,452,1,2024-09-14 19:00:00
2033,84,83,26.6,5.4,617,510,1,2024-09-15 01:00:00
2034,39,84,26.9,5.1,186,500,1,2024-09-15 07:00:00
2035,61,79,25.3,6.7,607,389,1,2024-09-15 13:00:00
2036,74,100,32,0,570,574,1,2024-09-15 19:00:00
2037,72,76,24.3,7.7,561,434,1,2024-09-16 01:00:00
2038,66,62,19.8,12.2,492,415,1,2024-09-16 07:00:00
2039,57,76,24.3,7.7,414,453,1,2024-09-16 13:00:00
2040,75,82,26.2,5.8,534,615,1,2024-09-16 19:00:00
2041,64,80,25.6,6.4,545,464,1,2024-09-17 01:00:00
2042,58,87,27.8,4.2,614,356,1,2024-09-17 07:00:00
2043,64,77,24.6,7.4,381,672,1,2024-09-17 13:00:00
2044,79,84,26.9,5.1,316,693,1,2024-09-17 19:00:00
2045,64,78,25,7,535,405,1,2024-09-18 01:00:00
2046,81,92,29.4,2.6,395,469,1,2024-09-18 07:00:00
2047,76,74,23.7,8.3,628,599,1,2024-09-18 13:00:00
2048,92,77,24.6,7.4,426,399,1,2024-09-18 19:00:00
2049,58,76,24.3,7.7,562,473,1,2024-09-19 01:00:00
2050,85,66,21.1,10.9,479,580,1,2024-09-19 07:00:00
2051,59,100,32.3,-0.3,439,490,1,2024-09-19 13:00:00
2052,51,67,21.4,10.6,285,539,1,2024-09-19 19:00:00
2053,74,74,23.7,8.3,230,526,1,2024-09-20 01:00:00
2054,82,84,26.9,5.1,607,493,1,2024-09-20 07:00:00
2055,73,72,23,9,489,441,1,2024-09-20 13:00:00
2056,83,84,26.9,5.1,476,569,1,2024-09-20 19:00:00
2057,82,88,28.2,3.8,550,281,1,2024-09-21 01:00:00
2058,95,100,32.6,-0.6,543,457,1,2024-09-21 07:00:00
2059,70,90,28.8,3.2,431,636,1,2024-09-21 13:00:00
2060,51,87,27.8,4.2,466,511,1,2024-09-21 19:00:00
2061,84,78,25,7,438,470,1,2024-09-22 01:00:00
2062,71,81,25.9,6.1,540,551,1,2024-09-22 07:00:00
2063,70,75,24,8,474,527,1,2024-09-22 13:00:00
2064,74,84,26.9,5.1,568,455,1,2024-09-22 19:00:00
2065,66,80,25.6,6.4,515,529,1,2024-09-23 01:00:00
2066,76,100,32.6,-0.6,414,445,1,2024-09-23 07:00:00
2067,77,95,30.4,1.6,668,403,1,2024-09-23 13:00:00
2068,58,89,28.5,3.5,718,539,1,2024-09-23 19:00:00
2069,46,56,17.9,14.1,508,480,1,2024-09-24 01:00:00
2070,67,73,23.4,8.6,396,676,1,2024-09-24 07:00:00
2071,79,77,24.6,7.4,499,491,1,2024-09-24 13:00:00
2072,64,77,24.6,7.4,490,374,1,2024-09-24 19:00:00
2073,61,100,32.3,-0.3,564,448,1,2024-09-25 01:00:00
2074,70,91,29.1,2.9,363,470,1,2024-09-25 07:00:00
2075,43,77,24.6,7.4,487,499,1,2024-09-25 13:00:00
2076,80,87,27.8,4.2,365,659,1,2024-09-25 19:00:00
2077,79,86,27.5,4.5,558,563,1,2024-09-26 01:00:00
2078,71,80,25.6,6.4,461,428,1,2024-09-26 07:00:00
2079,61,87,27.8,4.2,464,490,1,2024-09-26 13:00:00
2080,76,57,18.2,13.8,594,689,1,2024-09-26 19:00:00
2081,72,100,33.3,-1.3,594,513,1,2024-09-27 01:00:00
2082,65,67,21.4,10.6,310,510,1,2024-09-27 07:00:00
2083,63,96,30.7,1.3,431,624,1,2024-09-27 13:00:00
2084,72,88,28.2,3.8,626,561,1,2024-09-27 19:00:00
2085,74,82,26.2,5.8,389,477,1,2024-09-28 01:00:00
2086,71,82,26.2,5.8,606,392,1,2024-09-28 07:00:00
2087,61,75,24,8,499,489,1,2024-09-28 13:00:00
2088,75,90,28.8,3.2,484,577,1,2024-09-28 19:00:00
2089,62,87,27.8,4.2,511,306,1,2024-09-29 01:00:00
2090,65,84,26.9,5.1,435,521,1,2024-09-29 07:00:00
2091,56,97,31,1,478,660,1,2024-09-29 13:00:00
2092,76,84,26.9,5.1,383,462,1,2024-09-29 19:00:00
2093,56,76,24.3,7.7,541,557,1,2024-09-30 01:00:00
2094,60,82,26.2,5.8,252,642,1,2024-09-30 07:00:00
2095,65,100,32.3,-0.3,713,562,1,2024-09-30 13:00:00
2096,63,75,24,8,505,565,1,2024-09-30 19:00:00
2097,92,88,28.2,3.8,414,453,1,2024-10-01 01:00:00
2098,63,79,25.3,6.7,463,444,1,2024-10-01 07:00:00
2099,72,87,27.8,4.2,551,495,1,2024-10-01 13:00:00
2100,75,83,26.6,5.4,209,592,1,2024-10-01 19:00:00
2101,64,98,31.4,0.6,444,584,1,2024-10-02 01:00:00
2102,67,90,28.8,3.2,469,440,1,2024-10-02 07:00:00
2103,51,69,22.1,9.9,402,455,1,2024-10-02 13:00:00
2104,57,78,25,7,544,408,1,2024-10-02 19:00:00
2105,73,94,30.1,1.9,446,651,1,2024-10-03 01:00:00
2106,74,92,29.4,2.6,387,479,1,2024-10-03 07:00:00
2107,67,77,24.6,7.4,507,725,1,2024-10-03 13:00:00
2108,63,77,24.6,7.4,318,486,1,2024-10-03 19:00:00
2109,78,77,24.6,7.4,605,454,1,2024-10-04 01:00:00
2110,60,81,25.9,6.1,442,686,1,2024-10-04 07:00:00
2111,78,100,32.3,-0.3,648,427,1,2024-10-04 13:00:00
2112,82,81,25.9,6.1,478,438,1,2024-10-04 19:00:00
2113,60,72,23,9,517,432,1,2024-10-05 01:00:00
2114,61,83,26.6,5.4,473,539,1,2024-10-05 07:00:00
2115,58,75,24,8,660,447,1,2024-10-05 13:00:00
2116,60,85,27.2,4.8,503,477,1,2024-10-05 19:00:00
2117,54,84,26.9,5.1,593,467,1,2024-10-06 01:00:00
2118,70,93,29.8,2.2,303,448,1,2024-10-06 07:00:00
2119,72,74,23.7,8.3,529,606,1,2024-10-06 13:00:00
2120,68,65,20.8,11.2,502,357,1,2024-10-06 19:00:00
2121,61,70,22.4,9.6,351,561,1,2024-10-07 01:00:00
2122,86,85,27.2,4.8,676,568,1,2024-10-07 07:00:00
2123,62,65,20.8,11.2,478,568,1,2024-10-07 13:00:00
2124,78,67,21.4,10.6,568,390,1,2024-10-07 19:00:00
2125,66,79,25.3,6.7,604,488,1,2024-10-08 01:00:00
2126,61,84,26.9,5.1,527,572,1,2024-10-08 07:00:00
2127,73,83,26.6,5.4,539,536,1,2024-10-08 13:00:00
2128,57,51,16.3,15.7,639,257,1,2024-10-08 19:00:00
2129,74,74,23.7,8.3,397,459,1,2024-10-09 01:00:00
2130,66,80,25.6,6.4,455,390,1,2024-10-09 07:00:00
2131,80,85,27.2,4.8,666,440,1,2024-10-09 13:00:00
2132,85,87,27.8,4.2,541,434,1,2024-10-09 19:00:00
2133,80,74,23.7,8.3,301,655,1,2024-10-10 01:00:00
2134,59,95,30.4,1.6,499,595,1,2024-10-10 07:00:00
2135,85,73,23.4,8.6,482,468,1,2024-10-10 13:00:00
2136,70,88,28.2,3.8,545,530,1,2024-10-10 19:00:00
2137,56,77,24.6,7.4,365,481,1,2024-10-11 01:00:00
2138,68,80,25.6,6.4,418,481,1,2024-10-11 07:00:00
2139,58,94,30.1,1.9,613,536,1,2024-10-11 13:00:00
2140,77,91,29.1,2.9,600,475,1,2024-10-11 19:00:00
2141,66,77,24.6,7.4,507,351,1,2024-10-12 01:00:00
2142,76,87,27.8,4.2,367,476,1,2024-10-12 07:00:00
2143,79,80,25.6,6.4,503,362,1,2024-10-12 13:00:00
2144,77,70,22.4,9.6,480,440,1,2024-10-12 19:00:00
2145,68,79,25.3,6.7,449,412,1,2024-10-13 01:00:00
2146,87,77,24.6,7.4,555,578,1,2024-10-13 07:00:00
2147,65,73,23.4,8.6,415,424,1,2024-10-13 13:00:00
2148,77,74,23.7,8.3,560,457,1,2024-10-13 19:00:00
2149,59,100,33,-1,412,435,1,2024-10-14 01:00:00
2150,61,81,25.9,6.1,428,434,1,2024-10-14 07:00:00
2151,69,74,23.7,8.3,651,481,1,2024-10-14 13:00:00
2152,69,91,29.1,2.9,691,501,1,2024-10-14 19:00:00
2153,66,75,24,8,476,399,1,2024-10-15 01:00:00
2154,81,68,21.8,10.2,437,550,1,2024-10-15 07:00:00
2155,69,80,25.6,6.4,429,407,1,2024-10-15 13:00:00
2156,69,68,21.8,10.2,526,510,1,2024-10-15 19:00:00
2157,84,62,19.8,12.2,421,308,1,2024-10-16 01:00:00
2158,72,90,28.8,3.2,433,532,1,2024-10-16 07:00:00
2159,58,84,26.9,5.1,385,438,1,2024-10-16 13:00:00
2160,70,71,22.7,9.3,523,541,1,2024-10-16 19:00:00
2161,77,94,30.1,1.9,658,513,1,2024-10-17 01:00:00
2162,70,71,22.7,9.3,563,404,1,2024-10-17 07:00:00
2163,85,70,22.4,9.6,428,397,1,2024-10-17 13:00:00
2164,75,94,30.1,1.9,571,497,1,2024-10-17 19:00:00
2165,68,63,20.2,11.8,454,326,1,2024-10-18 01:00:00
2166,82,93,29.8,2.2,401,164,1,2024-10-18 07:00:00
2167,66,72,23,9,464,614,1,2024-10-18 13:00:00
2168,87,79,25.3,6.7,447,496,1,2024-10-18 19:00:00
2169,73,62,19.8,12.2,478,647,1,2024-10-19 01:00:00
2170,51,78,25,7,337,471,1,2024-10-19 07:00:00
2171,75,67,21.4,10.6,562,510,1,2024-10-19 13:00:00
2172,70,91,29.1,2.9,440,316,1,2024-10-19 19:00:00
2173,79,67,21.4,10.6,374,437,1,2024-10-20 01:00:00
2174,72,69,22.1,9.9,500,618,1,2024-10-20 07:00:00
2175,73,85,27.2,4.8,610,431,1,2024-10-20 13:00:00
2176,77,89,28.5,3.5,479,406,1,2024-10-20 19:00:00
2177,81,82,26.2,5.8,570,486,1,2024-10-21 01:00:00
2178,69,92,29.4,2.6,509,512,1,2024-10-21 07:00:00
2179,49,76,24.3,7.7,523,533,1,2024-10-21 13:00:00
2180,75,82,26.2,5.8,551,545,1,2024-10-21 19:00:00
2181,71,68,21.8,10.2,291,495,1,2024-10-22 01:00:00
2182,56,88,28.2,3.8,606,642,1,2024-10-22 07:00:00
2183,72,52,16.6,15.4,447,373,1,2024-10-22 13:00:00
2184,96,58,18.6,13.4,465,583,1,2024-10-22 19:00:00
2185,72,86,27.5,4.5,593,570,1,2024-10-23 01:00:00
2186,66,68,21.8,10.2,535,470,1,2024-10-23 07:00:00
2187,73,88,28.2,3.8,527,258,1,2024-10-23 13:00:00
2188,62,89,28.5,3.5,528,554,1,2024-10-23 19:00:00
2189,61,80,25.6,6.4,616,477,1,2024-10-24 01:00:00
2190,74,88,28.2,3.8,582,559,1,2024-10-24 07:00:00
2191,60,75,24,8,529,469,1,2024-10-24 13:00:00
2192,65,80,25.6,6.4,486,461,1,2024-10-24 19:00:00
2193,63,100,32.3,-0.3,578,468,1,2024-10-25 01:00:00
2194,72,67,21.4,10.6,681,300,1,2024-10-25 07:00:00
2195,71,84,26.9,5.1,450,542,1,2024-10-25 13:00:00
2196,74,80,25.6,6.4,592,567,1,2024-10-25 19:00:00
2197,73,70,22.4,9.6,696,358,1,2024-10-26 01:00:00
2198,70,90,28.8,3.2,456,155,1,2024-10-26 07:00:00
2199,68,79,25.3,6.7,413,595,1,2024-10-26 13:00:00
2200,78,72,23,9,334,540,1,2024-10-26 19:00:00
2201,81,84,26.9,5.1,664,519,1,2024-10-27 01:00:00
2202,73,79,25.3,6.7,576,368,1,2024-10-27 07:00:00
2203,67,84,26.9,5.1,604,545,1,2024-10-27 13:00:00
2204,59,78,25,7,543,395,1,2024-10-27 19:00:00
2205,65,75,24,8,637,690,1,2024-10-28 01:00:00
2206,85,85,27.2,4.8,635,596,1,2024-10-28 07:00:00
2207,60,71,22.7,9.3,383,476,1,2024-10-28 13:00:00
2208,59,80,25.6,6.4,533,298,1,2024-10-28 19:00:00
2209,72,50,16,16,358,498,1,2024-10-29 01:00:00
2210,63,83,26.6,5.4,474,532,1,2024-10-29 07:00:00
2211,60,66,21.1,10.9,698,575,1,2024-10-29 13:00:00
2212,69,89,28.5,3.5,576,706,1,2024-10-29 19:00:00
2213,81,71,22.7,9.3,521,482,1,2024-10-30 01:00:00
2214,72,74,23.7,8.3,420,531,1,2024-10-30 07:00:00
2215,62,79,25.3,6.7,439,412,1,2024-10-30 13:00:00
2216,81,57,18.2,13.8,453,507,1,2024-10-30 19:00:00
2217,62,82,26.2,5.8,400,389,1,2024-10-31 01:00:00
2218,71,93,29.8,2.2,630,456,1,2024-10-31 07:00:00
2219,81,95,30.4,1.6,377,536,1,2024-10-31 13:00:00
2220,54,89,28.5,3.5,501,671,1,2024-10-31 19:00:00
2221,78,66,21.1,10.9,642,413,1,2024-11-01 01:00:00
2222,78,79,25.3,6.7,628,491,1,2024-11-01 07:00:00
2223,79,93,29.8,2.2,497,500,1,2024-11-01 13:00:00
2224,64,77,24.6,7.4,324,384,1,2024-11-01 19:00:00
2225,59,83,26.6,5.4,461,490,1,2024-11-02 01:00:00
2226,76,100,32,0,554,489,1,2024-11-02 07:00:00
2227,69,89,28.5,3.5,581,352,1,2024-11-02 13:00:00
2228,77,62,19.8,12.2,316,594,1,2024-11-02 19:00:00
2229,81,79,25.3,6.7,360,513,1,2024-11-03 01:00:00
2230,81,81,25.9,6.1,435,520,1,2024-11-03 07:00:00
2231,85,68,21.8,10.2,495,631,1,2024-11-03 13:00:00
2232,63,81,25.9,6.1,641,503,1,2024-11-03 19:00:00
2233,65,82,26.2,5.8,610,424,1,2024-11-04 01:00:00
2234,72,72,23,9,352,397,1,2024-11-04 07:00:00
2235,75,67,21.4,10.6,467,597,1,2024-11-04 13:00:00
2236,83,86,27.5,4.5,532,660,1,2024-11-04 19:00:00
2237,72,75,24,8,498,505,1,2024-11-05 01:00:00
2238,63,70,22.4,9.6,565,488,1,2024-11-05 07:00:00
2239,91,90,28.8,3.2,536,607,1,2024-11-05 13:00:00
2240,75,68,21.8,10.2,617,275,1,2024-11-05 19:00:00
2241,67,72,23,9,663,417,1,2024-11-06 01:00:00
2242,84,73,23.4,8.6,571,701,1,2024-11-06 07:00:00
2243,88,66,21.1,10.9,546,582,1,2024-11-06 13:00:00
2244,67,78,25,7,676,397,1,2024-11-06 19:00:00
2245,73,84,26.9,5.1,386,469,1,2024-11-07 01:00:00
2246,65,74,23.7,8.3,403,489,1,2024-11-07 07:00:00
2247,62,83,26.6,5.4,544,340,1,2024-11-07 13:00:00
2248,89,81,25.9,6.1,458,415,1,2024-11-07 19:00:00
2249,81,76,24.3,7.7,383,718,1,2024-11-08 01:00:00
2250,69,79,25.3,6.7,272,654,1,2024-11-08 07:00:00
2251,86,66,21.1,10.9,390,520,1,2024-11-08 13:00:00
2252,69,76,24.3,7.7,477,522,1,2024-11-08 19:00:00
2253,53,83,26.6,5.4,361,511,1,2024-11-09 01:00:00
2254,64,68,21.8,10.2,536,554,1,2024-11-09 07:00:00
2255,84,66,21.1,10.9,585,574,1,2024-11-09 13:00:00
2256,69,84,26.9,5.1,385,489,1,2024-11-09 19:00:00
2257,56,81,25.9,6.1,420,513,1,2024-11-10 01:00:00
2258,73,72,23,9,475,522,1,2024-11-10 07:00:00
2259,62,79,25.3,6.7,547,477,1,2024-11-10 13:00:00
2260,71,71,22.7,9.3,556,599,1,2024-11-10 19:00:00
2261,77,74,23.7,8.3,395,426,1,2024-11-11 01:00:00
2262,79,77,24.6,7.4,418,643,1,2024-11-11 07:00:00
2263,54,71,22.7,9.3,490,456,1,2024-11-11 13:00:00
2264,81,86,27.5,4.5,470,552,1,2024-11-11 19:00:00
2265,80,95,30.4,1.6,589,580,1,2024-11-12 01:00:00
2266,85,79,25.3,6.7,484,560,1,2024-11-12 07:00:00
2267,76,98,31.4,0.6,308,466,1,2024-11-12 13:00:00
2268,69,62,19.8,12.2,454,500,1,2024-11-12 19:00:00
2269,77,73,23.4,8.6,530,594,1,2024-11-13 01:00:00
2270,76,67,21.4,10.6,502,374,1,2024-11-13 07:00:00
2271,78,84,26.9,5.1,415,664,1,2024-11-13 13:00:00
2272,65,81,25.9,6.1,745,397,1,2024-11-13 19:00:00
2273,75,73,23.4,8.6,497,421,1,2024-11-14 01:00:00
2274,75,78,25,7,379,605,1,2024-11-14 07:00:00
2275,45,72,23,9,554,542,1,2024-11-14 13:00:00
2276,54,67,21.4,10.6,539,472,1,2024-11-14 19:00:00
2277,71,79,25.3,6.7,553,517,1,2024-11-15 01:00:00
2278,78,77,24.6,7.4,586,511,1,2024-11-15 07:00:00
2279,75,70,22.4,9.6,502,255,1,2024-11-15 13:00:00
2280,81,84,26.9,5.1,474,498,1,2024-11-15 19:00:00
2281,68,81,25.9,6.1,498,462,1,2024-11-16 01:00:00
2282,78,74,23.7,8.3,601,401,1,2024-11-16 07:00:00
2283,62,81,25.9,6.1,409,637,1,2024-11-16 13:00:00
2284,76,84,26.9,5.1,276,405,1,2024-11-16 19:00:00
2285,75,83,26.6,5.4,454,518,1,2024-11-17 01:00:00
2286,76,62,19.8,12.2,607,598,1,2024-11-17 07:00:00
2287,50,63,20.2,11.8,396,542,1,2024-11-17 13:00:00
2288,50,80,25.6,6.4,527,635,1,2024-11-17 19:00:00
2289,69,100,35.2,-3.2,522,641,1,2024-11-18 01:00:00
2290,82,71,22.7,9.3,554,482,1,2024-11-18 07:00:00
2291,53,88,28.2,3.8,650,520,1,2024-11-18 13:00:00
2292,68,85,27.2,4.8,586,430,1,2024-11-18 19:00:00
2293,68,80,25.6,6.4,605,483,1,2024-11-19 01:00:00
2294,67,79,25.3,6.7,484,368,1,2024-11-19 07:00:00
2295,79,65,20.8,11.2,483,485,1,2024-11-19 13:00:00
2296,67,91,29.1,2.9,565,444,1,2024-11-19 19:00:00
2297,69,86,27.5,4.5,621,595,1,2024-11-20 01:00:00
2298,54,71,22.7,9.3,442,445,1,2024-11-20 07:00:00
2299,58,76,24.3,7.7,605,572,1,2024-11-20 13:00:00
2300,48,100,32,0,338,364,1,2024-11-20 19:00:00
2301,62,60,19.2,12.8,543,224,1,2024-11-21 01:00:00
2302,61,87,27.8,4.2,530,221,1,2024-11-21 07:00:00
2303,57,84,26.9,5.1,496,581,1,2024-11-21 13:00:00
2304,66,84,26.9,5.1,263,504,1,2024-11-21 19:00:00
2305,90,84,26.9,5.1,579,375,1,2024-11-22 01:00:00
2306,56,81,25.9,6.1,533,558,1,2024-11-22 07:00:00
2307,78,85,27.2,4.8,506,645,1,2024-11-22 13:00:00
2308,71,93,29.8,2.2,467,501,1,2024-11-22 19:00:00
2309,75,83,26.6,5.4,484,512,1,2024-11-23 01:00:00
2310,74,89,28.5,3.5,535,511,1,2024-11-23 07:00:00
2311,78,82,26.2,5.8,522,470,1,2024-11-23 13:00:00
2312,74,97,31,1,436,410,1,2024-11-23 19:00:00
2313,67,57,18.2,13.8,575,520,1,2024-11-24 01:00:00
2314,80,82,26.2,5.8,467,494,1,2024-11-24 07:00:00
2315,88,71,22.7,9.3,668,436,1,2024-11-24 13:00:00
2316,68,100,32.3,-0.3,424,406,1,2024-11-24 19:00:00
2317,79,76,24.3,7.7,490,461,1,2024-11-25 01:00:00
2318,60,85,27.2,4.8,327,579,1,2024-11-25 07:00:00
2319,72,83,26.6,5.4,555,416,1,2024-11-25 13:00:00
2320,75,90,28.8,3.2,460,301,1,2024-11-25 19:00:00
2321,64,92,29.4,2.6,454,615,1,2024-11-26 01:00:00
2322,82,81,25.9,6.1,418,561,1,2024-11-26 07:00:00
2323,54,74,23.7,8.3,501,356,1,2024-11-26 13:00:00
2324,73,69,22.1,9.9,315,296,1,2024-11-26 19:00:00
2325,78,90,28.8,3.2,411,628,1,2024-11-27 01:00:00
2326,64,68,21.8,10.2,373,536,1,2024-11-27 07:00:00
2327,69,93,29.8,2.2,532,499,1,2024-11-27 13:00:00
2328,73,73,23.4,8.6,431,364,1,2024-11-27 19:00:00
2329,77,100,34.9,-2.9,317,591,1,2024-11-28 01:00:00
2330,84,72,23,9,579,648,1,2024-11-28 07:00:00
2331,70,90,28.8,3.2,555,560,1,2024-11-28 13:00:00
2332,61,80,25.6,6.4,520,293,1,2024-11-28 19:00:00
2333,72,70,22.4,9.6,670,591,1,2024-11-29 01:00:00
2334,65,91,29.1,2.9,456,485,1,2024-11-29 07:00:00
2335,51,86,27.5,4.5,505,656,1,2024-11-29 13:00:00
2336,68,67,21.4,10.6,593,501,1,2024-11-29 19:00:00
2337,52,84,26.9,5.1,563,621,1,2024-11-30 01:00:00
2338,64,87,27.8,4.2,673,568,1,2024-11-30 07:00:00
2339,61,64,20.5,11.5,600,508,1,2024-11-30 13:00:00
2340,54,78,25,7,639,362,1,2024-11-30 19:00:00
2341,50,76,24.3,7.7,390,565,1,2024-12-01 01:00:00
2342,95,93,29.8,2.2,622,424,1,2024-12-01 07:00:00
2343,66,76,24.3,7.7,324,593,1,2024-12-01 13:00:00
2344,85,91,29.1,2.9,509,482,1,2024-12-01 19:00:00
2345,60,93,29.8,2.2,533,421,1,2024-12-02 01:00:00
2346,78,79,25.3,6.7,411,477,1,2024-12-02 07:00:00
2347,63,65,20.8,11.2,405,663,1,2024-12-02 13:00:00
2348,77,71,22.7,9.3,560,488,1,2024-12-02 19:00:00
2349,68,73,23.4,8.6,531,571,1,2024-12-03 01:00:00
2350,70,69,22.1,9.9,543,438,1,2024-12-03 07:00:00
2351,73,67,21.4,10.6,493,481,1,2024-12-03 13:00:00
2352,62,78,25,7,511,581,1,2024-12-03 19:00:00
2353,59,85,27.2,4.8,249,478,1,2024-12-04 01:00:00
2354,75,76,24.3,7.7,642,367,1,2024-12-04 07:00:00
2355,78,61,19.5,12.5,491,570,1,2024-12-04 13:00:00
2356,73,73,23.4,8.6,528,518,1,2024-12-04 19:00:00
2357,71,69,22.1,9.9,537,474,1,2024-12-05 01:00:00
2358,71,77,24.6,7.4,585,713,1,2024-12-05 07:00:00
2359,62,72,23,9,378,484,1,2024-12-05 13:00:00
2360,72,59,18.9,13.1,753,666,1,2024-12-05 19:00:00
2361,78,85,27.2,4.8,432,460,1,2024-12-06 01:00:00
2362,71,70,22.4,9.6,463,543,1,2024-12-06 07:00:00
2363,73,80,25.6,6.4,588,531,1,2024-12-06 13:00:00
2364,67,84,26.9,5.1,584,609,1,2024-12-06 19:00:00
2365,66,57,18.2,13.8,385,552,1,2024-12-07 01:00:00
2366,87,79,25.3,6.7,572,497,1,2024-12-07 07:00:00
2367,70,91,29.1,2.9,564,538,1,2024-12-07 13:00:00
2368,51,88,28.2,3.8,500,392,1,2024-12-07 19:00:00
2369,74,92,29.4,2.6,433,576,1,2024-12-08 01:00:00
2370,62,100,35.5,-3.5,294,584,1,2024-12-08 07:00:00
2371,59,81,25.9,6.1,362,486,1,2024-12-08 13:00:00
2372,67,90,28.8,3.2,577,483,1,2024-12-08 19:00:00
2373,81,75,24,8,664,698,1,2024-12-09 01:00:00
2374,82,88,28.2,3.8,484,702,1,2024-12-09 07:00:00
2375,70,82,26.2,5.8,641,299,1,2024-12-09 13:00:00
2376,63,84,26.9,5.1,630,498,1,2024-12-09 19:00:00
2377,61,92,29.4,2.6,548,762,1,2024-12-10 01:00:00
2378,92,76,24.3,7.7,567,491,1,2024-12-10 07:00:00
2379,73,76,24.3,7.7,611,554,1,2024-12-10 13:00:00
2380,69,95,30.4,1.6,506,372,1,2024-12-10 19:00:00
2381,66,86,27.5,4.5,464,335,1,2024-12-11 01:00:00
2382,75,61,19.5,12.5,318,535,1,2024-12-11 07:00:00
2383,70,79,25.3,6.7,520,273,1,2024-12-11 13:00:00
2384,75,74,23.7,8.3,417,607,1,2024-12-11 19:00:00
2385,55,76,24.3,7.7,674,594,1,2024-12-12 01:00:00
2386,62,70,22.4,9.6,276,401,1,2024-12-12 07:00:00
2387,63,82,26.2,5.8,442,672,1,2024-12-12 13:00:00
2388,52,85,27.2,4.8,354,467,1,2024-12-12 19:00:00
2389,75,76,24.3,7.7,411,576,1,2024-12-13 01:00:00
2390,64,97,31,1,420,476,1,2024-12-13 07:00:00
2391,66,86,27.5,4.5,334,510,1,2024-12-13 13:00:00
2392,61,57,18.2,13.8,437,567,1,2024-12-13 19:00:00
2393,78,72,23,9,509,423,1,2024-12-14 01:00:00
2394,82,88,28.2,3.8,306,611,1,2024-12-14 07:00:00
2395,50,64,20.5,11.5,379,388,1,2024-12-14 13:00:00
2396,75,74,23.7,8.3,537,509,1,2024-12-14 19:00:00
2397,79,82,26.2,5.8,539,458,1,2024-12-15 01:00:00
2398,81,70,22.4,9.6,474,388,1,2024-12-15 07:00:00
2399,76,71,22.7,9.3,542,609,1,2024-12-15 13:00:00
2400,88,92,29.4,2.6,601,350,1,2024-12-15 19:00:00
2401,72,73,23.4,8.6,393,377,1,2024-12-16 01:00:00
2402,71,71,22.7,9.3,579,412,1,2024-12-16 07:00:00
2403,69,51,16.3,15.7,462,496,1,2024-12-16 13:00:00
2404,71,73,23.4,8.6,590,403,1,2024-12-16 19:00:00
2405,75,75,24,8,531,568,1,2024-12-17 01:00:00
2406,76,55,17.6,14.4,566,655,1,2024-12-17 07:00:00
2407,77,87,27.8,4.2,477,665,1,2024-12-17 13:00:00
2408,63,78,25,7,392,362,1,2024-12-17 19:00:00
2409,64,78,25,7,432,381,1,2024-12-18 01:00:00
2410,76,93,29.8,2.2,442,402,1,2024-12-18 07:00:00
2411,53,78,25,7,448,596,1,2024-12-18 13:00:00
2412,74,70,22.4,9.6,538,452,1,2024-12-18 19:00:00
2413,62,71,22.7,9.3,545,518,1,2024-12-19 01:00:00
2414,87,84,26.9,5.1,585,470,1,2024-12-19 07:00:00
2415,60,96,30.7,1.3,469,509,1,2024-12-19 13:00:00
2416,71,95,30.4,1.6,378,346,1,2024-12-19 19:00:00
2417,67,78,25,7,355,606,1,2024-12-20 01:00:00
2418,52,84,26.9,5.1,346,722,1,2024-12-20 07:00:00
2419,61,82,26.2,5.8,523,433,1,2024-12-20 13:00:00
2420,83,89,28.5,3.5,502,532,1,2024-12-20 19:00:00
2421,71,69,22.1,9.9,477,566,1,2024-12-21 01:00:00
2422,58,78,25,7,740,423,1,2024-12-21 07:00:00
2423,67,88,28.2,3.8,448,618,1,2024-12-21 13:00:00
2424,59,65,20.8,11.2,661,500,1,2024-12-21 19:00:00
2425,65,87,27.8,4.2,626,515,1,2024-12-22 01:00:00
2426,55,82,26.2,5.8,558,369,1,2024-12-22 07:00:00
2427,57,100,32,0,390,676,1,2024-12-22 13:00:00
2428,58,77,24.6,7.4,697,452,1,2024-12-22 19:00:00
2429,76,81,25.9,6.1,497,451,1,2024-12-23 01:00:00
2430,70,75,24,8,452,486,1,2024-12-23 07:00:00
2431,72,69,22.1,9.9,477,562,1,2024-12-23 13:00:00
2432,85,74,23.7,8.3,319,518,1,2024-12-23 19:00:00
2433,76,79,25.3,6.7,458,501,1,2024-12-24 01:00:00
2434,59,84,26.9,5.1,479,383,1,2024-12-24 07:00:00
2435,60,74,23.7,8.3,652,507,1,2024-12-24 13:00:00
2436,73,82,26.2,5.8,557,547,1,2024-12-24 19:00:00
2437,71,84,26.9,5.1,543,392,1,2024-12-25 01:00:00
2438,62,61,19.5,12.5,609,517,1,2024-12-25 07:00:00
2439,60,66,21.1,10.9,573,575,1,2024-12-25 13:00:00
2440,97,76,24.3,7.7,393,425,1,2024-12-25 19:00:00
2441,67,79,25.3,6.7,596,532,1,2024-12-26 01:00:00
2442,48,73,23.4,8.6,581,570,1,2024-12-26 07:00:00
2443,84,85,27.2,4.8,470,460,1,2024-12-26 13:00:00
2444,63,88,28.2,3.8,683,434,1,2024-12-26 19:00:00
2445,70,65,20.8,11.2,553,583,1,2024-12-27 01:00:00
2446,68,73,23.4,8.6,590,425,1,2024-12-27 07:00:00
2447,68,68,21.8,10.2,540,527,1,2024-12-27 13:00:00
2448,55,69,22.1,9.9,630,552,1,2024-12-27 19:00:00
2449,68,77,24.6,7.4,626,494,1,2024-12-28 01:00:00
2450,74,95,30.4,1.6,380,453,1,2024-12-28 07:00:00
2451,56,88,28.2,3.8,469,314,1,2024-12-28 13:00:00
2452,75,81,25.9,6.1,428,592,1,2024-12-28 19:00:00
2453,70,85,27.2,4.8,430,642,1,2024-12-29 01:00:00
2454,65,93,29.8,2.2,518,512,1,2024-12-29 07:00:00
2455,74,88,28.2,3.8,505,521,1,2024-12-29 13:00:00
2456,70,95,30.4,1.6,463,478,1,2024-12-29 19:00:00
2457,61,84,26.9,5.1,515,523,1,2024-12-30 01:00:00
2458,89,82,26.2,5.8,579,454,1,2024-12-30 07:00:00
2459,69,80,25.6,6.4,496,462,1,2024-12-30 13:00:00
2460,57,75,24,8,326,496,1,2024-12-30 19:00:00
2461,73,84,26.9,5.1,618,645,1,2024-12-31 01:00:00
2462,50,96,30.7,1.3,550,477,1,2024-12-31 07:00:00
2463,70,76,24.3,7.7,680,470,1,2024-12-31 13:00:00
2464,58,85,27.2,4.8,396,565,1,2024-12-31 19:00:00
