ID_Servidor,CPU%,DataHora,RAM-GB-Livre,RAM-GB-USO,RAM%,REDE_REC,REDE_ENV,,,,TRUSTED DATA ,,,,CPU%,RAM%
1,95,2024-10-08 23:12:56,0.23,3.45,"94,27","0,56","0,09",,,,,,,,"95,00","94,27"
1,"44,52",2024-10-08 23:12:56,0.23,3.45,"32,2","0,56","0,09",,,,,,,,"44,52","32,20"
1,"81,21",2024-10-08 23:12:56,0.23,3.44,"75,42","0,56","0,09",,,Media CPU GERAL,"75,47",,,,"81,21","75,42"
1,95,2024-10-08 23:12:56,0.23,3.44,"91,8","0,56","0,09",,,Media RAM GERAL,"69,34",,,,"95,00","91,80"
1,"42,3",2024-10-08 23:12:56,0.23,3.44,"36,2","0,56","0,09",,,,,,,,"42,30","36,20"
1,"33,54",2024-10-08 23:12:56,0.23,3.44,"20,01","0,56","0,09",,,QTD SERV 1,267,,,,"33,54","35,00"
1,"72,7",2024-10-08 23:12:56,0.23,3.44,"71,14","0,56","0,09",,,QTD SERV 2,267,,,,"72,70","71,14"
1,"60,35",2024-10-08 23:12:56,0.29,3.38,"45,54","0,56","0,09",,,,,,,,"60,35","45,54"
1,"80,26",2024-10-08 23:12:56,0.29,3.38,"69,34","0,56","0,09",,,,,,,,"80,26","69,34"
1,"87,61",2024-10-08 23:12:56,0.3,3.38,"73,38","0,56","0,09",,,,,,,,"87,61","73,38"
1,"42,59",2024-10-08 23:12:56,0.3,3.38,"39,91","0,56","0,09",,,,,,,,"42,59","39,91"
1,"58,79",2024-10-08 23:12:56,0.3,3.38,"54,43","0,56","0,09",,,,,,,,"58,79","54,43"
1,"85,95",2024-10-08 23:12:56,0.3,3.38,"76,54","0,56","0,09",,,,,,,,"85,95","76,54"
1,"39,5",2024-10-08 23:12:56,0.3,3.38,"27,85","0,56","0,09",,,,,,,,"39,50","27,85"
1,"78,31",2024-10-08 23:12:56,0.3,3.38,"64,81","0,56","0,09",,,,,,,,"78,31","64,81"
1,"42,88",2024-10-08 23:12:56,0.3,3.38,"37,92","0,56","0,09",,,SERVIDOR,ALERTA RAM,ALERTA CPU,,,"42,88","37,92"
1,"75,47",2024-10-08 23:12:56,0.28,3.39,"68,45","0,56","0,09",,,SERVIDOR1,87,111,,,"75,47","68,45"
1,"68,26",2024-10-08 23:12:56,0.29,3.4,"55,02","0,56","0,09",,,SERVIDOR2,68,99,,,"68,26","55,02"
1,"88,42",2024-10-08 23:12:56,0.29,3.38,"81,43","0,56","0,09",,,,,,,,"88,42","81,43"
1,"38,97",2024-10-08 23:12:56,0.29,3.38,"31,95","0,56","0,09",,,,,,,,"38,97","31,95"
1,"37,32",2024-10-09 23:12:56,0.28,3.39,"23,82","0,56","0,09",,,,,,,,"37,32","23,82"
1,"61,29",2024-10-09 23:12:56,0.28,3.4,"58,95","0,56","0,09",,,Métricas,SERVIDOR1,SERVIDOR2,,,"61,29","58,95"
1,"80,73",2024-10-09 23:12:56,0.28,3.4,"77,93","0,56","0,09",,,Media CPU,"68,14681648","64,3747191",,,"80,73","77,93"
1,"48,97",2024-10-09 23:12:56,0.27,3.4,"40,37","0,56","0,09",,,Media RAM,"60,64595506","56,60078652",,,"48,97","40,37"
1,"88,52",2024-10-09 23:12:56,0.26,3.42,"77,74","0,56","0,09",,,Média REDE_REC,"0,56","0,9010861423",,,"88,52","77,74"
1,"61,24",2024-10-09 23:12:56,0.24,3.44,"59,4","0,56","0,09",,,Média REDE_ENV,"0,9010861423","0,1406367041",,,"61,24","59,40"
1,"50,05",2024-10-09 23:12:56,0.24,3.44,"37,65","0,56","0,09",,,,,,,,"50,05","37,65"
1,"64,24",2024-10-09 23:12:56,0.24,3.43,"56,6","0,56","0,09",,,,,,,,"64,24","56,60"
1,"90,08",2024-10-09 23:12:56,0.26,3.42,"86,8","0,56","0,09",,,,,,,,"90,08","86,80"
1,"88,95",2024-10-09 23:12:56,0.26,3.42,"79,88","0,56","0,09",,,,,,,,"88,95","79,88"
1,"87,47",2024-10-09 23:12:56,0.27,3.41,"85,57","0,56","0,09",,,,,,,,"87,47","85,57"
1,"35,1",2024-10-09 23:12:56,0.26,3.42,"20,52","0,56","0,09",,,,,,,,"35,10","20,52"
1,"88,71",2024-10-09 23:12:56,0.26,3.42,"84,78","0,56","0,09",,,,,,,,"88,71","84,78"
1,"72,61",2024-10-09 23:12:56,0.26,3.42,"69,91","0,56","0,09",,,,,,,,"72,61","69,91"
1,"92,59",2024-10-09 23:12:56,0.26,3.42,"88,52","0,56","0,09",,,,,,,,"92,59","88,52"
1,"72,35",2024-10-09 23:12:56,0.26,3.42,"66,46","0,56","0,09",,,,,,,,"72,35","66,46"
1,"51,73",2024-10-09 23:12:56,0.26,3.42,"38,57","0,56","0,09",,,,,,,,"51,73","38,57"
1,95,2024-10-09 23:12:56,0.26,3.42,"91,32","0,56","0,09",,,,,,,,"95,00","91,32"
1,"85,07",2024-10-09 23:12:56,0.26,3.42,"70,33","0,56","0,09",,,,,,,,"85,07","70,33"
1,"33,57",2024-10-09 23:12:56,0.26,3.42,"23,51","0,56","0,09",,,,,,,,"33,57","23,51"
1,"86,75",2024-10-10 23:12:56,0.26,3.42,"84,55","0,56","0,09",,,,,,,,"86,75","84,55"
1,"49,56",2024-10-10 23:12:56,0.26,3.42,"41,63","0,56","0,09",,,,,,,,"49,56","41,63"
1,95,2024-10-10 23:12:56,0.26,3.42,"89,4","0,56","0,09",,,,,,,,"95,00","89,40"
1,"74,21",2024-10-10 23:12:56,0.26,3.42,"71,43","0,56","0,09",,,,,,,,"74,21","71,43"
1,"75,84",2024-10-10 23:12:56,0.26,3.42,"62,06","0,56","0,09",,,,,,,,"75,84","62,06"
1,"85,1",2024-10-10 23:12:56,0.25,3.42,"79,74","0,56","0,09",,,,,,,,"85,10","79,74"
1,95,2024-10-10 23:12:56,0.23,3.44,"89,71","0,56","0,09",,,,,,,,"95,00","89,71"
1,"79,62",2024-10-10 23:12:56,0.23,3.44,"73,44","0,56","0,09",,,,,,,,"79,62","73,44"
1,95,2024-10-10 23:12:56,0.23,3.44,"90,29","0,56","0,09",,,,,,,,"95,00","90,29"
1,"42,36",2024-10-10 23:12:56,0.23,3.45,"38,17","0,56","0,09",,,,,,,,,
1,"31,92",2024-10-10 23:12:56,0.23,3.45,"20,17","0,56","0,09",,,,,,,,,
1,"84,99",2024-10-10 23:12:56,0.23,3.45,"77,95","0,56","0,09",,,,,,,,,
1,"49,32",2024-10-10 23:12:56,0.23,3.45,"37,6","0,56","0,09",,,,,,,,,
1,"57,29",2024-10-10 23:12:56,0.23,3.46,"53,39","0,56","0,09",,,,,,,,,
1,"81,21",2024-10-10 23:12:56,0.22,3.46,"75,84","0,56","0,09",,,,,,,,,
1,"81,03",2024-10-10 23:12:56,0.24,3.44,"76,9","0,56","0,09",,,,,,,,,
1,"63,45",2024-10-10 23:12:56,0.24,3.43,"58,72","0,56","0,09",,,,,,,,,
1,"52,35",2024-10-10 23:12:56,0.24,3.43,"42,08","0,56","0,09",,,,,,,,,
1,95,2024-10-10 23:12:56,0.24,3.44,"90,15","0,56","0,09",,,,,,,,,
1,95,2024-10-10 23:12:56,0.24,3.44,"86,2","0,56","0,09",,,,,,,,,
1,"56,07",2024-10-11 23:12:56,0.24,3.44,"52,29","0,56","0,09",,,,,,,,,
1,"54,91",2024-10-11 23:12:56,0.24,3.44,"42,16","0,56","0,09",,,,,,,,,
1,"90,08",2024-10-11 23:12:56,0.24,3.44,"80,5","0,56","0,09",,,,,,,,,
1,"31,13",2024-10-11 23:12:56,0.24,3.44,"25,73","0,56","0,09",,,,,,,,,
1,"49,27",2024-10-11 23:12:56,0.24,3.44,"37,39","0,56","0,09",,,,,,,,,
1,95,2024-10-11 23:12:56,0.24,3.44,"94,57","0,56","0,09",,,,,,,,,
1,"70,01",2024-10-11 23:12:56,0.24,3.44,"64,82","0,56","0,09",,,,,,,,,
1,"74,22",2024-10-11 23:12:56,0.24,3.44,"61,38","0,56","0,09",,,,,,,,,
1,"81,46",2024-10-11 23:12:56,0.24,3.43,"75,07","0,56","0,09",,,,,,,,,
1,95,2024-10-11 23:12:56,0.24,3.43,"89,2","0,56","0,09",,,,,,,,,
1,"64,16",2024-10-11 23:12:56,0.24,3.44,"54,28","0,56","0,09",,,,,,,,,
1,"73,37",2024-10-11 23:12:56,0.24,3.44,"65,11","0,56","0,09",,,,,,,,,
1,"54,29",2024-10-11 23:12:56,0.24,3.44,"47,98","0,56","0,09",,,,,,,,,
1,"36,73",2024-10-11 23:12:56,0.24,3.44,"24,96","0,56","0,09",,,,,,,,,
1,"64,08",2024-10-11 23:12:56,0.23,3.44,"58,6","0,56","0,09",,,,,,,,,
1,95,2024-10-11 23:12:56,0.23,3.44,"88,6","0,56","0,09",,,,,,,,,
1,"78,18",2024-10-11 23:12:56,0.23,3.44,"70,3","0,56","0,09",,,,,,,,,
1,"79,83",2024-10-11 23:12:56,0.23,3.45,"70,04","0,56","0,09",,,,,,,,,
1,"65,68",2024-10-11 23:12:56,0.18,3.48,"63,91","0,56","0,09",,,,,,,,,
1,95,2024-10-11 23:12:56,0.2,3.52,"91,58","0,56","0,09",,,,,,,,,
1,"60,53",2024-10-12 23:12:56,0.23,3.46,"46,88","0,56","0,09",,,,,,,,,
1,"74,37",2024-10-12 23:12:56,0.23,3.46,"70,17","0,56","0,09",,,,,,,,,
1,"92,92",2024-10-12 23:12:56,0.23,3.45,"78,57","0,56","0,09",,,,,,,,,
1,"51,5",2024-10-12 23:12:56,0.23,3.45,"50,1","0,56","0,09",,,,,,,,,
1,"94,24",2024-10-12 23:12:56,0.23,3.45,"83,85","0,56","0,09",,,,,,,,,
1,"54,18",2024-10-12 23:12:56,0.23,3.45,"47,39","0,56","0,09",,,,,,,,,
1,"68,89",2024-10-12 23:12:56,0.24,3.44,"61,43","0,56","0,09",,,,,,,,,
1,"60,58",2024-10-12 23:12:56,0.24,3.43,"49,76","0,56","0,09",,,,,,,,,
1,"84,47",2024-10-12 23:12:56,0.24,3.44,"77,15","0,56","0,09",,,,,,,,,
1,"32,98",2024-10-12 23:12:56,0.24,3.44,"31,07","0,56","0,09",,,,,,,,,
1,"52,63",2024-10-12 23:12:56,0.24,3.44,"51,18","0,56","0,09",,,,,,,,,
1,"87,67",2024-10-12 23:12:56,0.23,3.44,"74,56","0,56","0,09",,,,,,,,,
1,"57,45",2024-10-12 23:12:56,0.24,3.44,"52,79","0,56","0,09",,,,,,,,,
1,95,2024-10-12 23:12:56,0.24,3.44,"86,98","0,56","0,09",,,,,,,,,
1,"93,12",2024-10-12 23:12:56,0.24,3.44,"85,43","0,56","0,09",,,,,,,,,
1,"46,42",2024-10-12 23:12:56,0.24,3.44,"35,34","0,56","0,09",,,,,,,,,
1,"72,35",2024-10-12 23:12:56,0.24,3.44,"63,86","0,56","0,09",,,,,,,,,
1,"89,25",2024-10-12 23:12:56,0.24,3.44,"75,68","0,56","0,09",,,,,,,,,
1,"69,84",2024-10-12 23:12:56,0.26,3.42,"68,4","0,56","0,09",,,,,,,,,
1,"32,3",2024-10-12 23:12:56,0.26,3.42,"31,11","0,56","0,09",,,,,,,,,
1,"66,98",2024-10-13 23:12:56,0.26,3.42,"59,17","0,56","0,09",,,,,,,,,
1,"93,1",2024-10-13 23:12:56,0.25,3.42,"87,07","0,56","0,09",,,,,,,,,
1,"52,53",2024-10-13 23:12:56,0.25,3.42,"40,31","0,56","0,09",,,,,,,,,
1,"60,33",2024-10-13 23:12:56,0.25,3.42,"50,35","0,56","0,09",,,,,,,,,
1,"52,4",2024-10-13 23:12:56,0.25,3.42,"37,76","0,56","0,09",,,,,,,,,
1,"94,84",2024-10-13 23:12:56,0.25,3.42,"93,05","0,56","0,09",,,,,,,,,
1,"84,91",2024-10-13 23:12:56,0.25,3.42,"75,76","0,56","0,09",,,,,,,,,
1,"68,03",2024-10-13 23:12:56,0.25,3.42,"64,64","0,56","0,09",,,,,,,,,
1,"88,82",2024-10-13 23:12:56,0.25,3.42,"74,96","0,56","0,09",,,,,,,,,
1,"65,99",2024-10-13 23:12:56,0.25,3.42,"51,18","0,56","0,09",,,,,,,,,
1,"94,45",2024-10-13 23:12:56,0.25,3.42,"81,13","0,56","0,09",,,,,,,,,
1,"49,81",2024-10-13 23:12:56,0.25,3.42,"46,72","0,56","0,09",,,,,,,,,
1,"36,34",2024-10-13 23:12:56,0.25,3.42,"23,12","0,56","0,09",,,,,,,,,
1,95,2024-10-13 23:12:56,0.26,3.42,"85,4","0,56","0,09",,,,,,,,,
1,"52,33",2024-10-13 23:12:56,0.26,3.42,"46,52","0,56","0,09",,,,,,,,,
1,"50,9",2024-10-13 23:12:56,0.25,3.42,"48,23","0,56","0,09",,,,,,,,,
1,"37,54",2024-10-13 23:12:56,0.25,3.42,"23,22","0,56","0,09",,,,,,,,,
1,95,2024-10-13 23:12:56,0.25,3.42,"84,9","0,56","0,09",,,,,,,,,
1,"49,41",2024-10-13 23:12:56,0.25,3.42,"43,41","0,56","0,09",,,,,,,,,
1,"72,63",2024-10-13 23:12:56,0.25,3.42,"58,64","0,56","0,09",,,,,,,,,
1,"86,23",2024-10-14 23:12:56,0.25,3.42,"72,91","0,56","0,09",,,,,,,,,
1,"51,62",2024-10-14 23:12:56,0.25,3.42,"43,62","0,56","0,09",,,,,,,,,
1,95,2024-10-14 23:12:56,0.25,3.42,"93,57","0,56","0,09",,,,,,,,,
1,"31,85",2024-10-14 23:12:56,0.25,3.42,"25,7","0,56","0,09",,,,,,,,,
1,"38,16",2024-10-14 23:12:56,0.25,3.42,"35,17","0,56","0,09",,,,,,,,,
1,"71,59",2024-10-14 23:12:56,0.25,3.42,"58,84","0,56","0,09",,,,,,,,,
1,"68,06",2024-10-14 23:12:56,0.25,3.42,"61,02","0,56","0,09",,,,,,,,,
1,"39,38",2024-10-14 23:12:56,0.25,3.42,"36,07","0,56","0,09",,,,,,,,,
1,"49,1",2024-10-14 23:12:56,0.25,3.42,"45,04","0,56","0,09",,,,,,,,,
1,"82,22",2024-10-14 23:12:56,0.25,3.42,"76,8","0,56","0,09",,,,,,,,,
1,"31,02",2024-10-14 23:12:56,0.25,3.42,"21,48","0,56","0,09",,,,,,,,,
1,"92,14",2024-10-14 23:12:56,0.26,3.42,"80,25","0,56","0,09",,,,,,,,,
1,"81,22",2024-10-14 23:12:56,0.26,3.42,"71,52","0,56","0,09",,,,,,,,,
1,"28,38",2024-10-14 23:12:56,0.26,3.42,"24,71","0,56","0,09",,,,,,,,,
1,95,2024-10-14 23:12:56,0.26,3.42,"94,02","0,56","0,09",,,,,,,,,
1,"31,6",2024-10-14 23:12:56,0.26,3.42,"27,39","0,56","0,09",,,,,,,,,
1,"58,77",2024-10-14 23:12:56,0.28,3.4,"54,42","0,56","0,09",,,,,,,,,
1,"28,8",2024-10-14 23:12:56,0.27,3.4,"25,06","0,56","0,09",,,,,,,,,
1,"74,72",2024-10-14 23:12:56,0.27,3.4,"61,95","0,56","0,09",,,,,,,,,
1,"68,39",2024-10-14 23:12:56,0.27,3.41,"59,72","0,56","0,09",,,,,,,,,
1,"45,27",2024-10-15 23:12:56,0.27,3.41,"42,12","0,56","0,09",,,,,,,,,
1,"92,2",2024-10-15 23:12:56,0.27,3.41,"82,17","0,56","0,09",,,,,,,,,
1,"92,57",2024-10-15 23:12:56,0.27,3.41,"90,39","0,56","0,09",,,,,,,,,
1,"85,32",2024-10-15 23:12:56,0.27,3.41,"74,77","0,56","0,09",,,,,,,,,
1,"92,27",2024-10-15 23:12:56,0.27,3.41,"81,89","0,56","0,09",,,,,,,,,
1,"59,11",2024-10-15 23:12:56,0.27,3.41,"48,98","0,56","0,09",,,,,,,,,
1,"58,49",2024-10-15 23:12:56,0.27,3.41,"47,29","0,56","0,09",,,,,,,,,
1,"68,97",2024-10-15 23:12:56,0.27,3.41,"57,35","0,56","0,09",,,,,,,,,
1,"74,14",2024-10-15 23:12:56,0.27,3.41,"64,66","0,56","0,09",,,,,,,,,
1,"70,25",2024-10-15 23:12:56,0.27,3.41,"56,65","0,56","0,09",,,,,,,,,
1,"37,66",2024-10-15 23:12:56,0.27,3.41,"34,66","0,56","0,09",,,,,,,,,
1,"48,85",2024-10-15 23:12:56,0.27,3.41,"41,91","0,56","0,09",,,,,,,,,
1,"82,32",2024-10-15 23:12:56,0.27,3.41,"76,78","0,56","0,09",,,,,,,,,
1,"84,31",2024-10-15 23:12:56,0.27,3.41,"74,24","0,56","0,09",,,,,,,,,
1,95,2024-10-15 23:12:56,0.28,3.4,"87,86","0,56","0,09",,,,,,,,,
1,"64,8",2024-10-15 23:12:56,0.29,3.38,"51,06","0,56","0,09",,,,,,,,,
1,"53,26",2024-10-15 23:12:56,0.29,3.38,39,"0,56","0,09",,,,,,,,,
1,"54,8",2024-10-15 23:12:56,0.3,3.38,"41,08","0,56","0,09",,,,,,,,,
1,"64,63",2024-10-15 23:12:56,0.29,3.38,"59,74","0,56","0,09",,,,,,,,,
1,95,2024-10-15 23:12:56,0.29,3.38,"89,35","0,56","0,09",,,,,,,,,
1,"29,57",2024-10-16 23:12:56,0.29,3.38,"21,75","0,56","0,09",,,,,,,,,
1,"76,66",2024-10-16 23:12:56,0.29,3.38,"73,51","0,56","0,09",,,,,,,,,
1,"86,27",2024-10-16 23:12:56,0.29,3.38,"83,44","0,56","0,09",,,,,,,,,
1,"33,02",2024-10-16 23:12:56,0.3,3.38,"31,5","0,56","0,09",,,,,,,,,
1,"55,88",2024-10-16 23:12:56,0.35,3.33,"45,89","0,56","0,09",,,,,,,,,
1,"67,45",2024-10-16 23:12:56,0.35,3.33,"54,13","0,56","0,09",,,,,,,,,
1,"42,51",2024-10-16 23:12:56,0.35,3.33,"38,39","0,56","0,09",,,,,,,,,
1,"33,17",2024-10-16 23:12:56,0.35,3.33,"23,98","0,56","0,09",,,,,,,,,
1,"78,25",2024-10-16 23:12:56,0.35,3.33,"70,88","0,56","0,09",,,,,,,,,
1,80,2024-10-16 23:12:56,0.35,3.33,"76,22","0,56","0,09",,,,,,,,,
1,"79,77",2024-10-16 23:12:56,0.35,3.33,"76,12","0,56","0,09",,,,,,,,,
1,"62,94",2024-10-16 23:12:56,0.35,3.33,"49,02","0,56","0,09",,,,,,,,,
1,"77,57",2024-10-16 23:12:56,0.35,3.33,"70,35","0,56","0,09",,,,,,,,,
1,"55,81",2024-10-16 23:12:56,0.35,3.33,"51,61","0,56","0,09",,,,,,,,,
1,"78,4",2024-10-16 23:12:56,0.35,3.33,"66,86","0,56","0,09",,,,,,,,,
1,"86,24",2024-10-16 23:12:56,0.35,3.33,"78,86","0,56","0,09",,,,,,,,,
1,"73,65",2024-10-16 23:12:56,0.35,3.33,"66,83","0,56","0,09",,,,,,,,,
1,"55,34",2024-10-16 23:12:56,0.35,3.33,"50,18","0,56","0,09",,,,,,,,,
1,"53,15",2024-10-16 23:12:56,0.35,3.33,"38,36","0,56","0,09",,,,,,,,,
1,"94,97",2024-10-16 23:12:56,0.35,3.33,"91,03","0,56","0,09",,,,,,,,,
1,"47,8",2024-10-17 23:12:56,0.35,3.33,"35,89","0,56","0,09",,,,,,,,,
1,"43,11",2024-10-17 23:12:56,0.35,3.33,"37,66","0,56","0,09",,,,,,,,,
1,"51,59",2024-10-17 23:12:56,0.35,3.33,"46,54","0,56","0,09",,,,,,,,,
1,"80,69",2024-10-17 23:12:56,0.35,3.33,"68,13","0,56","0,09",,,,,,,,,
1,"74,39",2024-10-17 23:12:56,0.35,3.33,"60,58","0,56","0,09",,,,,,,,,
1,"86,65",2024-10-17 23:12:56,0.35,3.33,"85,58","0,56","0,09",,,,,,,,,
1,95,2024-10-17 23:12:56,0.35,3.33,"91,99","0,56","0,09",,,,,,,,,
1,95,2024-10-17 23:12:56,0.35,3.33,"92,97","0,56","0,09",,,,,,,,,
1,87,2024-10-17 23:12:56,0.35,3.33,"83,54","0,56","0,09",,,,,,,,,
1,"79,71",2024-10-17 23:12:56,0.35,3.33,"76,41","0,56","0,09",,,,,,,,,
1,"64,6",2024-10-17 23:12:56,0.35,3.33,"61,6","0,56","0,09",,,,,,,,,
1,"66,01",2024-10-17 23:12:56,0.35,3.33,"60,61","0,56","0,09",,,,,,,,,
1,"58,32",2024-10-17 23:12:56,0.35,3.33,"44,62","0,56","0,09",,,,,,,,,
1,"91,58",2024-10-17 23:12:56,0.35,3.33,"82,66","0,56","0,09",,,,,,,,,
1,"68,34",2024-10-17 23:12:56,0.35,3.33,"54,61","0,56","0,09",,,,,,,,,
1,"69,59",2024-10-17 23:12:56,0.35,3.33,"58,64","0,56","0,09",,,,,,,,,
1,"93,76",2024-10-17 23:12:56,0.35,3.33,"87,37","0,56","0,09",,,,,,,,,
1,"55,35",2024-10-17 23:12:56,0.35,3.33,"41,16","0,56","0,09",,,,,,,,,
1,"69,07",2024-10-17 23:12:56,0.35,3.33,"66,8","0,56","0,09",,,,,,,,,
1,"47,2",2024-10-17 23:12:56,0.35,3.33,"33,01","0,56","0,09",,,,,,,,,
1,"50,9",2024-10-18 23:12:56,0.35,3.33,"41,15","0,56","0,09",,,,,,,,,
1,"70,57",2024-10-18 23:12:56,0.35,3.33,"68,52","0,56","0,09",,,,,,,,,
1,"42,97",2024-10-18 23:12:56,0.35,3.33,"34,96","0,56","0,09",,,,,,,,,
1,"35,35",2024-10-18 23:12:56,0.35,3.33,"31,24","0,56","0,09",,,,,,,,,
1,"59,07",2024-10-18 23:12:56,0.35,3.33,"57,79","0,56","0,09",,,,,,,,,
1,95,2024-10-18 23:12:56,0.35,3.33,"84,9","0,56","0,09",,,,,,,,,
1,"93,78",2024-10-18 23:12:56,0.35,3.33,"84,19","0,56","0,09",,,,,,,,,
1,"62,63",2024-10-18 23:12:56,0.35,3.32,"52,82","0,56","0,09",,,,,,,,,
1,92,2024-10-18 23:12:56,0.35,3.32,"82,49","0,56","0,09",,,,,,,,,
1,"58,72",2024-10-18 23:12:56,0.35,3.32,"45,34","0,56","0,09",,,,,,,,,
1,"41,58",2024-10-18 23:12:56,0.35,3.32,"39,7","0,56","0,09",,,,,,,,,
1,"77,06",2024-10-18 23:12:56,0.35,3.32,"71,54","0,56","0,09",,,,,,,,,
1,"71,53",2024-10-18 23:12:56,0.35,3.32,"57,62","0,56","0,09",,,,,,,,,
1,"65,86",2024-10-18 23:12:56,0.35,3.32,"60,61","0,56","0,09",,,,,,,,,
1,"65,03",2024-10-18 23:12:56,0.35,3.33,"57,85","0,56","0,09",,,,,,,,,
1,"79,24",2024-10-18 23:12:56,0.34,3.34,"68,54","0,56","0,09",,,,,,,,,
1,"85,22",2024-10-18 23:12:56,0.33,3.35,"78,3","0,56","0,09",,,,,,,,,
1,"84,68",2024-10-18 23:12:56,0.32,3.35,"83,46","0,56","0,09",,,,,,,,,
1,"86,82",2024-10-18 23:12:56,0.32,3.36,"81,37","0,56","0,09",,,,,,,,,
1,"74,2",2024-10-18 23:12:56,0.31,3.37,"61,41","0,56","0,09",,,,,,,,,
1,95,2024-10-19 23:12:56,0.3,3.37,89,"0,56","0,09",,,,,,,,,
1,"92,97",2024-10-19 23:12:56,0.3,3.38,"78,48","0,56","0,09",,,,,,,,,
1,"25,1",2024-10-19 23:12:56,0.3,3.37,23,"0,56","0,09",,,,,,,,,
1,"76,09",2024-10-19 23:12:56,0.31,3.37,"74,42","0,56","0,09",,,,,,,,,
1,"74,79",2024-10-19 23:12:56,0.32,3.37,"69,65","0,56","0,09",,,,,,,,,
1,95,2024-10-19 23:12:56,0.32,3.36,"94,1","0,56","0,09",,,,,,,,,
1,"69,75",2024-10-19 23:12:56,0.32,3.36,"55,17","0,56","0,09",,,,,,,,,
1,"76,36",2024-10-19 23:12:56,0.32,3.35,"73,03","0,56","0,09",,,,,,,,,
1,"35,43",2024-10-19 23:12:56,0.32,3.35,"30,77","0,56","0,09",,,,,,,,,
1,"59,34",2024-10-19 23:12:56,0.32,3.35,"51,31","0,56","0,09",,,,,,,,,
1,"51,47",2024-10-19 23:12:56,0.32,3.35,"43,07","0,56","0,09",,,,,,,,,
1,"94,64",2024-10-19 23:12:56,0.32,3.35,"82,73","0,56","0,09",,,,,,,,,
1,"56,85",2024-10-19 23:12:56,0.32,3.35,"42,01","0,56","0,09",,,,,,,,,
1,"85,44",2024-10-19 23:12:56,0.32,3.35,"75,54","0,56","0,09",,,,,,,,,
1,"38,62",2024-10-19 23:12:56,0.32,3.35,"36,41","0,56","0,09",,,,,,,,,
1,"47,39",2024-10-19 23:12:56,0.32,3.35,"39,55","0,56","0,09",,,,,,,,,
1,"73,79",2024-10-19 23:12:56,0.33,3.35,"67,72","0,56","0,09",,,,,,,,,
1,"87,94",2024-10-19 23:12:56,0.33,3.35,"83,95","0,56","0,09",,,,,,,,,
1,"39,59",2024-10-19 23:12:56,0.33,3.35,"25,08","0,56","0,09",,,,,,,,,
1,60,2024-10-19 23:12:56,0.33,3.35,"45,13","0,56","0,09",,,,,,,,,
1,"49,11",2024-10-20 23:12:56,0.33,3.35,"46,15","0,56","0,09",,,,,,,,,
1,"44,16",2024-10-20 23:12:56,0.33,3.35,30,"0,56","0,09",,,,,,,,,
1,95,2024-10-20 23:12:56,0.33,3.35,88,"0,56","0,09",,,,,,,,,
1,"33,23",2024-10-20 23:12:56,0.33,3.35,22,"0,56","0,09",,,,,,,,,
1,"67,5",2024-10-20 23:12:56,0.33,3.35,58,"0,56","0,09",,,,,,,,,
1,95,2024-10-20 23:12:56,0.33,3.35,94,"0,56","0,09",,,,,,,,,
1,"33,94",2024-10-20 23:12:56,0.33,3.35,31,"0,56","0,09",,,,,,,,,
1,"29,07",2024-10-20 23:12:56,0.33,3.35,22,"0,56","0,09",,,,,,,,,
1,"59,12",2024-10-20 23:12:56,0.33,3.35,52,"0,56","0,09",,,,,,,,,
1,"82,21",2024-10-20 23:12:56,0.33,3.35,77,"0,56","0,09",,,,,,,,,
1,95,2024-10-20 23:12:56,0.33,3.35,91,"0,56","0,09",,,,,,,,,
1,"81,8",2024-10-20 23:12:56,0.33,3.35,79,"0,56","0,09",,,,,,,,,
1,"89,26",2024-10-20 23:12:56,0.33,3.35,77,"0,56","0,09",,,,,,,,,
1,95,2024-10-20 23:12:56,0.33,3.35,93,"0,56","0,09",,,,,,,,,
1,"40,49",2024-10-20 23:12:56,0.33,3.35,35,"0,56","0,09",,,,,,,,,
1,"47,99",2024-10-20 23:12:56,0.33,3.35,38,"0,56","0,09",,,,,,,,,
1,"66,13",2024-10-20 23:12:56,0.35,3.33,61,"0,56","0,09",,,,,,,,,
1,"71,11",2024-10-20 23:12:56,0.35,3.33,67,"0,56","0,09",,,,,,,,,
1,"89,98",2024-10-20 23:12:56,0.35,3.33,81,"0,56","0,09",,,,,,,,,
1,95,2024-10-20 23:12:56,0.35,3.33,94,"0,56","0,09",,,,,,,,,
1,"46,93",2024-10-21 23:12:56,0.35,3.33,41,"0,56","0,09",,,,,,,,,
1,"93,08",2024-10-21 23:12:56,0.36,3.31,"84,78","0,56","0,09",,,,,,,,,
1,"84,24",2024-10-21 23:12:56,0.36,3.31,"81,68","0,56","0,09",,,,,,,,,
1,"63,14",2024-10-21 23:12:56,0.41,3.29,"60,91","0,56","0,09",,,,,,,,,
1,"89,92",2024-10-21 23:12:56,0.41,3.27,"78,83","0,56","0,09",,,,,,,,,
1,"33,07",2024-10-21 23:12:56,0.41,3.27,"21,67","0,56","0,09",,,,,,,,,
1,"46,38",2024-10-21 23:12:56,0.41,3.27,"42,42","0,56","0,09",,,,,,,,,
2,"45,96",2024-10-21 23:12:56,0.66,5.22,"35,1","0,9","0,14",,,,,,,,,
2,"56,74",2024-10-21 23:12:56,0.66,5.22,"45,49","0,9","0,14",,,,,,,,,
2,"69,39",2024-10-21 23:12:56,0.66,5.22,"56,8","0,9","0,14",,,,,,,,,
2,"60,67",2024-10-21 23:12:56,0.66,5.22,"55,66","0,9","0,14",,,,,,,,,
2,"65,09",2024-10-21 23:12:56,0.66,5.22,"53,88","0,9","0,14",,,,,,,,,
2,87,2024-10-21 23:12:56,0.66,5.22,"72,12","0,9","0,14",,,,,,,,,
2,"53,06",2024-10-21 23:12:56,0.66,5.22,"48,46","0,9","0,14",,,,,,,,,
2,"42,45",2024-10-21 23:12:56,0.66,5.22,"37,91","0,9","0,14",,,,,,,,,
2,"81,56",2024-10-21 23:12:56,0.66,5.22,"74,27","0,9","0,14",,,,,,,,,
2,"63,43",2024-10-21 23:12:56,0.66,5.22,"49,6","0,9","0,14",,,,,,,,,
2,"78,33",2024-10-21 23:12:56,0.66,5.22,"70,91","0,9","0,14",,,,,,,,,
2,95,2024-10-21 23:12:56,0.66,5.22,"90,59","0,9","0,14",,,,,,,,,
2,"32,71",2024-10-21 23:12:56,0.66,5.22,"25,45","0,9","0,14",,,,,,,,,
2,"42,57",2024-10-22 23:12:56,0.66,5.22,"35,4","0,9","0,14",,,,,,,,,
2,"70,89",2024-10-22 23:12:56,0.66,5.22,"58,42","0,9","0,14",,,,,,,,,
2,"29,03",2024-10-22 23:12:56,0.66,5.22,"25,49","0,9","0,14",,,,,,,,,
2,"73,42",2024-10-22 23:12:56,0.66,5.22,"71,85","0,9","0,14",,,,,,,,,
2,"74,38",2024-10-22 23:12:56,0.67,5.22,"71,36","0,9","0,14",,,,,,,,,
2,"84,25",2024-10-22 23:12:56,0.66,5.22,"76,57","0,9","0,14",,,,,,,,,
2,95,2024-10-22 23:12:56,0.66,5.22,"90,99","0,9","0,14",,,,,,,,,
2,"70,51",2024-10-22 23:12:56,0.66,5.22,"66,52","0,9","0,14",,,,,,,,,
2,"49,13",2024-10-22 23:12:56,0.64,5.24,"47,38","0,9","0,14",,,,,,,,,
2,"54,14",2024-10-22 23:12:56,0.64,5.24,"44,19","0,9","0,14",,,,,,,,,
2,95,2024-10-22 23:12:56,0.64,5.24,"89,65","0,9","0,14",,,,,,,,,
2,"50,15",2024-10-22 23:12:56,0.65,5.23,"48,11","0,9","0,14",,,,,,,,,
2,"47,06",2024-10-22 23:12:56,0.65,5.23,"42,48","0,9","0,14",,,,,,,,,
2,"48,13",2024-10-22 23:12:56,0.65,5.23,"37,72","0,9","0,14",,,,,,,,,
2,"37,28",2024-10-22 23:12:56,0.65,5.23,"28,56","0,9","0,14",,,,,,,,,
2,"31,14",2024-10-22 23:12:56,0.65,5.23,"22,23","0,9","0,14",,,,,,,,,
2,"63,87",2024-10-22 23:12:56,0.65,5.23,"58,88","0,9","0,14",,,,,,,,,
2,"48,35",2024-10-22 23:12:56,0.65,5.23,"37,62","0,9","0,14",,,,,,,,,
2,95,2024-10-22 23:12:56,0.65,5.23,"89,89","0,9","0,14",,,,,,,,,
2,"65,61",2024-10-22 23:12:56,0.65,5.23,"60,16","0,9","0,14",,,,,,,,,
2,"30,89",2024-10-23 23:12:56,0.65,5.23,"28,11","0,9","0,14",,,,,,,,,
2,"28,22",2024-10-23 23:12:56,0.65,5.23,"22,27","0,9","0,14",,,,,,,,,
2,"64,62",2024-10-23 23:12:56,0.66,5.23,"63,42","0,9","0,14",,,,,,,,,
2,"25,14",2024-10-23 23:12:56,0.65,5.24,"20,5","0,9","0,14",,,,,,,,,
2,"72,64",2024-10-23 23:12:56,0.65,5.24,"66,76","0,9","0,14",,,,,,,,,
2,"33,3",2024-10-23 23:12:56,0.65,5.23,"22,31","0,9","0,14",,,,,,,,,
2,"92,32",2024-10-23 23:12:56,0.72,5.19,"83,34","0,9","0,14",,,,,,,,,
2,"31,35",2024-10-23 23:12:56,0.77,5.12,"27,38","0,9","0,14",,,,,,,,,
2,"37,71",2024-10-23 23:12:56,0.77,5.11,"29,62","0,9","0,14",,,,,,,,,
2,"39,1",2024-10-23 23:12:56,0.77,5.11,"33,09","0,9","0,14",,,,,,,,,
2,"55,35",2024-10-23 23:12:56,0.77,5.11,"45,32","0,9","0,14",,,,,,,,,
2,"63,13",2024-10-23 23:12:56,0.77,5.11,"56,36","0,9","0,14",,,,,,,,,
2,"80,76",2024-10-23 23:12:56,0.77,5.11,"73,63","0,9","0,14",,,,,,,,,
2,95,2024-10-23 23:12:56,0.77,5.11,"84,63","0,9","0,14",,,,,,,,,
2,"87,2",2024-10-23 23:12:56,0.77,5.11,"79,42","0,9","0,14",,,,,,,,,
2,"55,27",2024-10-23 23:12:56,0.77,5.11,"47,25","0,9","0,14",,,,,,,,,
2,"89,42",2024-10-23 23:12:56,0.77,5.11,"78,67","0,9","0,14",,,,,,,,,
2,"56,65",2024-10-23 23:12:56,0.77,5.11,"42,31","0,9","0,14",,,,,,,,,
2,"64,13",2024-10-23 23:12:56,0.77,5.11,"55,21","0,9","0,14",,,,,,,,,
2,"89,45",2024-10-23 23:12:56,0.77,5.11,"78,53","0,9","0,14",,,,,,,,,
2,"89,35",2024-10-24 23:12:56,0.77,5.11,"84,49","0,9","0,14",,,,,,,,,
2,"27,08",2024-10-24 23:12:56,0.78,5.1,"22,09","0,9","0,14",,,,,,,,,
2,"60,82",2024-10-24 23:12:56,0.78,5.1,"51,24","0,9","0,14",,,,,,,,,
2,"45,47",2024-10-24 23:12:56,0.79,05.09,"42,93","0,9","0,14",,,,,,,,,
2,95,2024-10-24 23:12:56,0.8,05.09,"84,71","0,9","0,14",,,,,,,,,
2,"36,6",2024-10-24 23:12:56,0.9,4.98,"26,15","0,9","0,14",,,,,,,,,
2,"80,67",2024-10-24 23:12:56,0.92,4.97,"69,37","0,9","0,14",,,,,,,,,
2,"45,92",2024-10-24 23:12:56,0.92,4.96,"42,46","0,9","0,14",,,,,,,,,
2,95,2024-10-24 23:12:56,0.98,4.9,"83,64","0,9","0,14",,,,,,,,,
2,"63,01",2024-10-24 23:12:56,01.01,4.88,"56,99","0,9","0,14",,,,,,,,,
2,"49,04",2024-10-24 23:12:56,01.06,4.86,"40,64","0,9","0,14",,,,,,,,,
2,"61,44",2024-10-24 23:12:56,1.17,4.72,"54,43","0,9","0,14",,,,,,,,,
2,"71,6",2024-10-24 23:12:56,1.17,4.72,"58,28","0,9","0,14",,,,,,,,,
2,"58,62",2024-10-24 23:12:56,1.25,4.63,"44,96","0,9","0,14",,,,,,,,,
2,"39,49",2024-10-24 23:12:56,1.25,4.63,"27,91","0,9","0,14",,,,,,,,,
2,"44,11",2024-10-24 23:12:56,1.25,4.64,"35,92","0,9","0,14",,,,,,,,,
2,"30,67",2024-10-24 23:12:56,1.24,4.64,"25,58","0,9","0,14",,,,,,,,,
2,"49,36",2024-10-24 23:12:56,1.22,4.66,"37,93","0,9","0,14",,,,,,,,,
2,"46,99",2024-10-24 23:12:56,1.21,4.67,"42,13","0,9","0,14",,,,,,,,,
2,"63,95",2024-10-24 23:12:56,1.19,4.69,"51,28","0,9","0,14",,,,,,,,,
2,"87,88",2024-10-25 23:12:56,1.18,4.7,"85,46","0,9","0,14",,,,,,,,,
2,"59,7",2024-10-25 23:12:56,1.17,4.71,"44,82","0,9","0,14",,,,,,,,,
2,95,2024-10-25 23:12:56,1.16,4.72,"92,52","0,9","0,14",,,,,,,,,
2,"76,69",2024-10-25 23:12:56,1.17,4.71,"64,37","0,9","0,14",,,,,,,,,
2,"47,56",2024-10-25 23:12:56,1.15,4.74,"33,15","0,9","0,14",,,,,,,,,
2,"81,91",2024-10-25 23:12:56,1.14,4.74,"78,49","0,9","0,14",,,,,,,,,
2,"79,75",2024-10-25 23:12:56,1.14,4.74,"68,79","0,9","0,14",,,,,,,,,
2,"52,53",2024-10-25 23:12:56,1.15,4.73,"46,27","0,9","0,14",,,,,,,,,
2,"33,96",2024-10-25 23:12:56,1.15,4.74,"24,02","0,9","0,14",,,,,,,,,
2,"72,6",2024-10-25 23:12:56,1.14,4.74,"60,11","0,9","0,14",,,,,,,,,
2,88,2024-10-25 23:12:56,1.14,4.74,"80,17","0,9","0,14",,,,,,,,,
2,"52,13",2024-10-25 23:12:56,1.14,4.74,"44,04","0,9","0,14",,,,,,,,,
2,"62,6",2024-10-25 23:12:56,1.15,4.74,"51,82","0,9","0,14",,,,,,,,,
2,"28,86",2024-10-25 23:12:56,1.14,4.74,"26,85","0,9","0,14",,,,,,,,,
2,"91,78",2024-10-25 23:12:56,1.14,4.74,"80,63","0,9","0,14",,,,,,,,,
2,"73,57",2024-10-25 23:12:56,1.14,4.74,"67,83","0,9","0,14",,,,,,,,,
2,"84,91",2024-10-25 23:12:56,1.14,4.74,"70,17","0,9","0,14",,,,,,,,,
2,"83,58",2024-10-25 23:12:56,1.14,4.74,"76,71","0,9","0,14",,,,,,,,,
2,"78,91",2024-10-25 23:12:56,1.14,4.74,"70,48","0,9","0,14",,,,,,,,,
2,"37,41",2024-10-25 23:12:56,1.14,4.74,33,"0,9","0,14",,,,,,,,,
2,"40,66",2024-10-26 23:12:56,1.15,4.74,"38,48","0,9","0,14",,,,,,,,,
2,"87,77",2024-10-26 23:12:56,1.15,4.74,"84,53","0,9","0,14",,,,,,,,,
2,"86,17",2024-10-26 23:12:56,1.16,4.73,"71,54","0,9","0,14",,,,,,,,,
2,"76,51",2024-10-26 23:12:56,1.15,4.73,"69,19","0,9","0,14",,,,,,,,,
2,95,2024-10-26 23:12:56,1.16,4.73,"89,82","0,9","0,14",,,,,,,,,
2,"71,22",2024-10-26 23:12:56,1.16,4.72,"56,96","0,9","0,14",,,,,,,,,
2,"52,48",2024-10-26 23:12:56,1.16,4.72,"45,49","0,9","0,14",,,,,,,,,
2,"74,29",2024-10-26 23:12:56,1.16,4.72,"66,89","0,9","0,14",,,,,,,,,
2,"49,09",2024-10-26 23:12:56,1.16,4.72,"35,96","0,9","0,14",,,,,,,,,
2,"80,28",2024-10-26 23:12:56,1.15,4.73,"79,21","0,9","0,14",,,,,,,,,
2,"38,55",2024-10-26 23:12:56,1.15,4.73,"37,45","0,9","0,14",,,,,,,,,
2,"48,43",2024-10-26 23:12:56,1.14,4.74,"39,37","0,9","0,14",,,,,,,,,
2,"43,31",2024-10-26 23:12:56,1.14,4.74,"30,76","0,9","0,14",,,,,,,,,
2,"92,32",2024-10-26 23:12:56,1.14,4.74,"88,62","0,9","0,14",,,,,,,,,
2,95,2024-10-26 23:12:56,1.14,4.74,"87,25","0,9","0,14",,,,,,,,,
2,"92,45",2024-10-26 23:12:56,1.14,4.74,"84,24","0,9","0,14",,,,,,,,,
2,"36,39",2024-10-26 23:12:56,1.14,4.75,"22,33","0,9","0,14",,,,,,,,,
2,"80,63",2024-10-26 23:12:56,1.14,4.75,"72,56","0,9","0,14",,,,,,,,,
2,"75,45",2024-10-26 23:12:56,1.13,4.75,"62,77","0,9","0,14",,,,,,,,,
2,"58,18",2024-10-26 23:12:56,1.13,4.75,"45,74","0,9","0,14",,,,,,,,,
2,"91,73",2024-10-27 23:12:56,1.13,4.75,"80,66","0,9","0,14",,,,,,,,,
2,"79,89",2024-10-27 23:12:56,1.13,4.75,"75,86","0,9","0,14",,,,,,,,,
2,"70,4",2024-10-27 23:12:56,1.15,4.73,"55,43","0,9","0,14",,,,,,,,,
2,"33,71",2024-10-27 23:12:56,1.15,4.73,"32,52","0,9","0,14",,,,,,,,,
2,"41,4",2024-10-27 23:12:56,1.15,4.73,"35,48","0,9","0,14",,,,,,,,,
2,"94,63",2024-10-27 23:12:56,1.15,4.73,"82,56","0,9","0,14",,,,,,,,,
2,"68,44",2024-10-27 23:12:56,1.15,4.73,"65,72","0,9","0,14",,,,,,,,,
2,"47,87",2024-10-27 23:12:56,1.14,4.74,"40,74","0,9","0,14",,,,,,,,,
2,"82,34",2024-10-27 23:12:56,1.14,4.74,"69,24","0,9","0,14",,,,,,,,,
2,95,2024-10-27 23:12:56,1.14,4.74,"92,5","0,9","0,14",,,,,,,,,
2,"78,92",2024-10-27 23:12:56,1.14,4.74,74,"0,9","0,14",,,,,,,,,
2,95,2024-10-27 23:12:56,1.14,4.74,"85,23","0,9","0,14",,,,,,,,,
2,"29,56",2024-10-27 23:12:56,1.14,4.74,"22,64","0,9","0,14",,,,,,,,,
2,"76,85",2024-10-27 23:12:56,1.13,4.75,"62,29","0,9","0,14",,,,,,,,,
2,"69,18",2024-10-27 23:12:56,1.13,4.76,"60,9","0,9","0,14",,,,,,,,,
2,"59,65",2024-10-27 23:12:56,1.13,4.75,"44,68","0,9","0,14",,,,,,,,,
2,"58,24",2024-10-27 23:12:56,1.12,4.76,"44,6","0,9","0,14",,,,,,,,,
2,"79,87",2024-10-27 23:12:56,1.11,4.77,"77,66","0,9","0,14",,,,,,,,,
2,"30,89",2024-10-27 23:12:56,1.11,4.77,"22,3","0,9","0,14",,,,,,,,,
2,"82,65",2024-10-27 23:12:56,1.11,4.77,"70,24","0,9","0,14",,,,,,,,,
2,"56,98",2024-10-28 23:12:56,1.11,4.78,"44,97","0,9","0,14",,,,,,,,,
2,95,2024-10-28 23:12:56,1.1,4.78,"93,53","0,9","0,14",,,,,,,,,
2,"43,36",2024-10-28 23:12:56,1.1,4.78,"29,56","0,9","0,14",,,,,,,,,
2,"67,08",2024-10-28 23:12:56,1.1,4.78,"59,46","0,9","0,14",,,,,,,,,
2,95,2024-10-28 23:12:56,1.1,4.78,"91,59","0,9","0,14",,,,,,,,,
2,"41,72",2024-10-28 23:12:56,1.1,4.78,"36,85","0,9","0,14",,,,,,,,,
2,"94,19",2024-10-28 23:12:56,1.1,4.79,"92,15","0,9","0,14",,,,,,,,,
2,"41,09",2024-10-28 23:12:56,01.09,4.79,"34,59","0,9","0,14",,,,,,,,,
2,"68,54",2024-10-28 23:12:56,01.09,4.79,"65,43","0,9","0,14",,,,,,,,,
2,95,2024-10-28 23:12:56,01.07,4.82,"92,76","0,9","0,14",,,,,,,,,
2,"86,51",2024-10-28 23:12:56,01.06,4.82,"79,17","0,9","0,14",,,,,,,,,
2,"93,93",2024-10-28 23:12:56,01.06,4.82,"87,77","0,9","0,14",,,,,,,,,
2,"90,58",2024-10-28 23:12:56,01.07,4.82,"85,86","0,9","0,14",,,,,,,,,
2,"93,93",2024-10-28 23:12:56,01.07,4.82,"83,45","0,9","0,14",,,,,,,,,
2,"81,4",2024-10-28 23:12:56,01.07,4.82,"67,27","0,9","0,14",,,,,,,,,
2,"46,14",2024-10-28 23:12:56,01.07,4.81,"37,86","0,9","0,14",,,,,,,,,
2,"72,35",2024-10-28 23:12:56,01.07,4.81,"59,11","0,9","0,14",,,,,,,,,
2,95,2024-10-28 23:12:56,01.07,4.81,"88,17","0,9","0,14",,,,,,,,,
2,"93,22",2024-10-28 23:12:56,01.06,4.82,"81,26","0,9","0,14",,,,,,,,,
2,"51,97",2024-10-28 23:12:56,01.06,4.82,"46,25","0,9","0,14",,,,,,,,,
2,"70,28",2024-10-29 23:12:56,01.06,4.82,"56,6","0,9","0,14",,,,,,,,,
2,"88,24",2024-10-29 23:12:56,01.05,4.82,"77,25","0,9","0,14",,,,,,,,,
2,"80,2",2024-10-29 23:12:56,01.04,4.84,"73,78","0,9","0,14",,,,,,,,,
2,"81,21",2024-10-29 23:12:56,01.04,4.85,"78,35","0,9","0,14",,,,,,,,,
2,"64,73",2024-10-29 23:12:56,01.03,4.85,"60,28","0,9","0,14",,,,,,,,,
2,"51,77",2024-10-29 23:12:56,01.02,4.86,"50,73","0,9","0,14",,,,,,,,,
2,"62,31",2024-10-29 23:12:56,01.02,4.86,"53,96","0,9","0,14",,,,,,,,,
2,95,2024-10-29 23:12:56,01.01,4.87,"87,08","0,9","0,14",,,,,,,,,
2,"65,12",2024-10-29 23:12:56,0.99,4.89,"58,8","0,9","0,14",,,,,,,,,
2,"65,38",2024-10-29 23:12:56,0.95,4.92,"60,79","0,9","0,14",,,,,,,,,
2,95,2024-10-29 23:12:56,0.94,4.94,"86,98","0,9","0,14",,,,,,,,,
2,"33,77",2024-10-29 23:12:56,0.92,4.96,"22,89","0,9","0,14",,,,,,,,,
2,"81,1",2024-10-29 23:12:56,0.9,4.98,"72,77","0,9","0,14",,,,,,,,,
2,"36,46",2024-10-29 23:12:56,0.88,05.01,"33,52","0,9","0,14",,,,,,,,,
2,"36,63",2024-10-29 23:12:56,0.86,05.02,"26,88","0,9","0,14",,,,,,,,,
2,"94,41",2024-10-29 23:12:56,0.86,05.03,"82,45","0,9","0,14",,,,,,,,,
2,"63,54",2024-10-29 23:12:56,0.85,05.03,"50,43","0,9","0,14",,,,,,,,,
2,"85,78",2024-10-29 23:12:56,0.84,05.04,"80,39","0,9","0,14",,,,,,,,,
2,"27,6",2024-10-29 23:12:56,0.84,05.04,"24,86","0,9","0,14",,,,,,,,,
2,"87,85",2024-10-29 23:12:56,0.84,05.05,"82,04","0,9","0,14",,,,,,,,,
2,"42,23",2024-10-30 23:12:56,0.84,05.04,"41,09","0,9","0,14",,,,,,,,,
2,95,2024-10-30 23:12:56,0.86,05.02,"93,02","0,9","0,14",,,,,,,,,
2,"37,63",2024-10-30 23:12:56,0.86,05.02,"23,88","0,9","0,14",,,,,,,,,
2,"43,3",2024-10-30 23:12:56,0.86,05.02,"37,09","0,9","0,14",,,,,,,,,
2,"52,94",2024-10-30 23:12:56,0.86,05.03,"40,61","0,9","0,14",,,,,,,,,
2,95,2024-10-30 23:12:56,0.86,05.03,"93,39","0,9","0,14",,,,,,,,,
2,"70,71",2024-10-30 23:12:56,0.86,05.03,"65,84","0,9","0,14",,,,,,,,,
2,"66,55",2024-10-30 23:12:56,0.86,05.03,"51,76","0,9","0,14",,,,,,,,,
2,"67,39",2024-10-30 23:12:56,0.86,05.03,"62,7","0,9","0,14",,,,,,,,,
2,"92,22",2024-10-30 23:12:56,0.87,05.01,"81,61","0,9","0,14",,,,,,,,,
2,95,2024-10-30 23:12:56,0.87,05.01,"92,38","0,9","0,14",,,,,,,,,
2,"56,61",2024-10-30 23:12:56,0.86,05.01,"51,95","0,9","0,14",,,,,,,,,
2,"82,69",2024-10-30 23:12:56,0.86,05.02,"68,96","0,9","0,14",,,,,,,,,
2,"55,84",2024-10-30 23:12:56,0.86,05.02,"50,92","0,9","0,14",,,,,,,,,
2,"35,42",2024-10-30 23:12:56,0.86,05.02,"25,44","0,9","0,14",,,,,,,,,
2,"42,39",2024-10-30 23:12:56,0.86,05.02,"30,92","0,9","0,14",,,,,,,,,
2,"59,02",2024-10-30 23:12:56,0.86,05.03,"53,78","0,9","0,14",,,,,,,,,
2,"70,97",2024-10-30 23:12:56,0.86,05.03,"69,64","0,9","0,14",,,,,,,,,
2,"33,77",2024-10-30 23:12:56,0.85,05.03,"27,9","0,9","0,14",,,,,,,,,
2,"43,98",2024-10-30 23:12:56,0.83,05.05,"32,47","0,9","0,14",,,,,,,,,
2,"94,09",2024-10-31 23:12:56,0.83,05.05,"90,79","0,9","0,14",,,,,,,,,
2,"74,51",2024-10-31 23:12:56,0.82,05.06,"69,42","0,9","0,14",,,,,,,,,
2,"45,18",2024-10-31 23:12:56,0.81,05.06,"37,71","0,9","0,14",,,,,,,,,
2,"67,39",2024-10-31 23:12:56,0.8,05.08,"64,05","0,9","0,14",,,,,,,,,
2,"93,17",2024-10-31 23:12:56,0.78,5.1,"78,25","0,9","0,14",,,,,,,,,
2,"44,58",2024-10-31 23:12:56,0.8,05.09,"39,16","0,9","0,14",,,,,,,,,
2,"33,14",2024-10-31 23:12:56,0.8,05.08,"26,44","0,9","0,14",,,,,,,,,
2,"33,37",2024-10-31 23:12:56,0.8,05.08,"29,69","0,9","0,14",,,,,,,,,
2,"36,43",2024-10-31 23:12:56,0.82,05.06,"21,58","0,9","0,14",,,,,,,,,
2,"34,51",2024-10-31 23:12:56,0.82,05.06,"23,41","0,9","0,14",,,,,,,,,
2,"89,91",2024-10-31 23:12:56,0.82,05.06,"79,87","0,9","0,14",,,,,,,,,
2,"44,24",2024-10-31 23:12:56,0.77,5.1,"38,1","0,9","0,14",,,,,,,,,
2,"42,3",2024-10-31 23:12:56,0.82,05.07,"39,31","0,9","0,14",,,,,,,,,
2,"58,95",2024-10-31 23:12:56,0.82,05.06,"56,48","0,9","0,14",,,,,,,,,
2,"89,76",2024-10-31 23:12:56,0.83,05.06,"76,33","0,9","0,14",,,,,,,,,
2,"83,21",2024-10-31 23:12:56,0.88,5.0,"76,43","0,9","0,14",,,,,,,,,
2,"33,85",2024-10-31 23:12:56,0.87,05.01,"26,71","0,9","0,14",,,,,,,,,
2,"86,62",2024-10-31 23:12:56,0.87,05.01,"77,52","0,9","0,14",,,,,,,,,
2,"59,19",2024-10-31 23:12:56,0.86,05.02,"49,99","0,9","0,14",,,,,,,,,
2,"49,01",2024-10-31 23:12:56,0.86,05.02,"34,19","0,9","0,14",,,,,,,,,
2,"78,4",2024-11-01 23:12:56,0.85,05.03,"66,87","0,9","0,14",,,,,,,,,
2,"72,24",2024-11-01 23:12:56,0.85,05.04,"60,83","0,9","0,14",,,,,,,,,
2,"43,97",2024-11-01 23:12:56,0.86,05.02,"35,04","0,9","0,14",,,,,,,,,
2,"47,62",2024-11-01 23:12:56,0.86,05.02,"45,9","0,9","0,14",,,,,,,,,
2,"35,26",2024-11-01 23:12:56,0.86,05.02,"27,14","0,9","0,14",,,,,,,,,
2,"65,13",2024-11-01 23:12:56,0.86,05.02,"54,82","0,9","0,14",,,,,,,,,
2,"26,07",2024-11-01 23:12:56,0.86,05.02,"21,59","0,9","0,14",,,,,,,,,
2,"33,4",2024-11-01 23:12:56,0.86,05.02,"24,71","0,9","0,14",,,,,,,,,
2,"88,69",2024-11-01 23:12:56,0.86,05.02,"74,35","0,9","0,14",,,,,,,,,
2,"85,45",2024-11-01 23:12:56,0.86,05.02,"81,34","0,9","0,14",,,,,,,,,
2,"32,76",2024-11-01 23:12:56,0.86,05.02,"21,2","0,9","0,14",,,,,,,,,
2,"47,01",2024-11-01 23:12:56,0.86,05.02,"38,41","0,9","0,14",,,,,,,,,
2,"41,62",2024-11-01 23:12:56,0.86,05.02,"37,4","0,9","0,14",,,,,,,,,
2,"74,65",2024-11-01 23:12:56,0.86,05.02,"62,39","0,9","0,14",,,,,,,,,
2,"94,75",2024-11-01 23:12:56,0.86,05.02,"90,94","0,9","0,14",,,,,,,,,
2,"46,65",2024-11-01 23:12:56,0.85,05.03,"43,14","0,9","0,14",,,,,,,,,
2,"78,22",2024-11-01 23:12:56,0.85,05.03,"64,94","0,9","0,14",,,,,,,,,
2,"43,61",2024-11-01 23:12:56,0.84,05.05,"30,47","0,9","0,14",,,,,,,,,
2,"83,54",2024-11-01 23:12:56,0.84,05.05,"70,07","0,9","0,14",,,,,,,,,
2,"93,63",2024-11-01 23:12:56,0.82,05.06,"82,78","0,9","0,14",,,,,,,,,
2,95,2024-11-02 23:12:56,0.84,05.04,"93,97","0,9","0,14",,,,,,,,,
2,"89,26",2024-11-02 23:12:56,0.83,05.06,"81,91","0,9","0,14",,,,,,,,,
2,"75,78",2024-11-02 23:12:56,0.82,05.06,"74,7","0,9","0,14",,,,,,,,,
2,"44,47",2024-11-02 23:12:56,0.82,05.07,"33,73","0,9","0,14",,,,,,,,,
2,"53,44",2024-11-02 23:12:56,0.82,05.07,"40,8","0,9","0,14",,,,,,,,,
2,"80,8",2024-11-02 23:12:56,0.79,05.09,"74,58","0,91","0,14",,,,,,,,,
2,"49,95",2024-11-02 23:12:56,0.78,5.1,"40,24","0,91","0,14",,,,,,,,,
2,"75,41",2024-11-02 23:12:56,0.78,5.1,"67,94","0,91","0,14",,,,,,,,,
2,"32,05",2024-11-02 23:12:56,0.78,5.1,"30,62","0,91","0,14",,,,,,,,,
2,"81,06",2024-11-02 23:12:56,0.78,5.11,"74,08","0,91","0,14",,,,,,,,,
2,"68,65",2024-11-02 23:12:56,0.81,05.07,"57,88","0,91","0,14",,,,,,,,,
2,"70,04",2024-11-02 23:12:56,0.82,05.07,"60,22","0,91","0,14",,,,,,,,,
2,"89,14",2024-11-02 23:12:56,0.79,05.09,"85,34","0,91","0,14",,,,,,,,,
2,95,2024-11-02 23:12:56,0.79,05.09,"90,18","0,91","0,14",,,,,,,,,
2,"48,61",2024-11-02 23:12:56,0.78,5.1,"43,23","0,91","0,14",,,,,,,,,
2,"68,53",2024-11-02 23:12:56,0.78,5.1,"60,14","0,91","0,14",,,,,,,,,
2,"24,92",2024-11-02 23:12:56,0.78,5.1,"20,47","0,91","0,14",,,,,,,,,
2,"84,38",2024-11-02 23:12:56,0.72,5.14,"72,44","0,91","0,15",,,,,,,,,
2,"29,37",2024-11-02 23:12:56,0.62,5.24,"23,31","0,91","0,15",,,,,,,,,
2,"77,06",2024-11-02 23:12:56,0.7,5.18,"64,3","0,91","0,15",,,,,,,,,
2,"73,05",2024-11-03 23:12:56,0.73,5.14,"62,64","0,91","0,15",,,,,,,,,
2,95,2024-11-03 23:12:56,0.72,5.17,"94,72","0,91","0,15",,,,,,,,,
2,"34,19",2024-11-03 23:12:56,0.69,5.18,"28,24","0,91","0,15",,,,,,,,,
2,95,2024-11-03 23:12:56,0.66,5.22,"93,55","0,91","0,15",,,,,,,,,
2,"59,27",2024-11-03 23:12:56,0.66,5.22,"51,32","0,91","0,15",,,,,,,,,
2,"46,25",2024-11-03 23:12:56,0.65,5.23,"42,89","0,91","0,15",,,,,,,,,
2,"81,84",2024-11-03 23:12:56,0.63,5.25,"80,55","0,91","0,15",,,,,,,,,
2,"28,1",2024-11-03 23:12:56,0.62,5.26,"21,64","0,91","0,15",,,,,,,,,
2,"48,6",2024-11-03 23:12:56,0.64,5.25,"34,63","0,91","0,15",,,,,,,,,
2,"43,35",2024-11-03 23:12:56,0.65,5.24,"34,03","0,91","0,15",,,,,,,,,
2,"36,72",2024-11-03 23:12:56,0.65,5.23,"23,31","0,91","0,15",,,,,,,,,
2,"59,46",2024-11-03 23:12:56,0.65,5.23,"57,32","0,91","0,15",,,,,,,,,
2,"68,44",2024-11-03 23:12:56,0.66,5.23,"57,53","0,91","0,15",,,,,,,,,
2,"59,88",2024-11-03 23:12:56,0.66,5.23,"51,88","0,91","0,15",,,,,,,,,
3,"78,24",2024-11-03 23:12:56,0.25,1.96,"73,62","0,34","0,06",,,,,,,,,
3,"45,09",2024-11-03 23:12:56,0.25,1.96,"40,92","0,34","0,06",,,,,,,,,
3,95,2024-11-03 23:12:56,0.25,1.96,"91,43","0,34","0,06",,,,,,,,,
3,"70,02",2024-11-03 23:12:56,0.24,1.97,"58,34","0,34","0,06",,,,,,,,,
3,"94,48",2024-11-03 23:12:56,0.24,1.97,"79,91","0,34","0,06",,,,,,,,,
3,"56,17",2024-11-03 23:12:56,0.24,1.97,"41,7","0,34","0,06",,,,,,,,,
3,"81,72",2024-11-04 23:12:56,0.23,1.97,"71,72","0,34","0,06",,,,,,,,,
3,"41,26",2024-11-04 23:12:56,0.24,1.97,"39,72","0,34","0,06",,,,,,,,,
3,74,2024-11-04 23:12:56,0.23,1.97,"59,67","0,34","0,06",,,,,,,,,
3,"71,8",2024-11-04 23:12:56,0.23,1.97,"59,41","0,34","0,06",,,,,,,,,
3,"62,53",2024-11-04 23:12:56,0.23,1.97,"50,84","0,34","0,06",,,,,,,,,
3,"37,88",2024-11-04 23:12:56,0.23,1.98,"32,2","0,34","0,06",,,,,,,,,
3,63,2024-11-04 23:12:56,0.23,1.98,"52,9","0,34","0,06",,,,,,,,,
3,"30,29",2024-11-04 23:12:56,0.22,1.98,"22,93","0,34","0,06",,,,,,,,,
3,"33,71",2024-11-04 23:12:56,0.22,1.98,"31,56","0,34","0,06",,,,,,,,,
3,"75,45",2024-11-04 23:12:56,0.22,1.98,"68,84","0,34","0,06",,,,,,,,,
3,"71,5",2024-11-04 23:12:56,0.22,1.98,"57,38","0,34","0,06",,,,,,,,,
3,95,2024-11-04 23:12:56,0.22,1.98,"93,01","0,34","0,06",,,,,,,,,
3,"87,96",2024-11-04 23:12:56,0.22,1.98,"77,85","0,34","0,06",,,,,,,,,
3,"27,83",2024-11-04 23:12:56,0.22,1.99,"23,56","0,34","0,06",,,,,,,,,
3,"51,83",2024-11-04 23:12:56,0.22,1.99,"47,26","0,34","0,06",,,,,,,,,
3,"90,16",2024-11-04 23:12:56,0.22,1.99,"81,15","0,34","0,06",,,,,,,,,
3,"56,07",2024-11-04 23:12:56,0.21,1.99,"51,5","0,34","0,06",,,,,,,,,
3,"48,29",2024-11-04 23:12:56,0.21,1.99,"36,33","0,34","0,06",,,,,,,,,
3,"34,63",2024-11-04 23:12:56,0.21,1.99,"24,35","0,34","0,06",,,,,,,,,
3,"70,46",2024-11-04 23:12:56,0.21,2.0,"66,91","0,34","0,06",,,,,,,,,
3,"75,83",2024-11-05 23:12:56,0.21,2.0,"71,26","0,34","0,06",,,,,,,,,
3,"88,21",2024-11-05 23:12:56,0.21,2.0,86,"0,34","0,06",,,,,,,,,
3,95,2024-11-05 23:12:56,0.2,2.0,"92,72","0,34","0,06",,,,,,,,,
3,"75,59",2024-11-05 23:12:56,0.2,2.0,"62,23","0,34","0,06",,,,,,,,,
3,"78,18",2024-11-05 23:12:56,0.2,2.0,"66,94","0,34","0,06",,,,,,,,,
3,95,2024-11-05 23:12:56,0.2,2.0,"92,41","0,34","0,06",,,,,,,,,
3,"66,78",2024-11-05 23:12:56,0.2,02.01,"63,4","0,34","0,06",,,,,,,,,
3,"62,47",2024-11-05 23:12:56,0.2,02.01,"52,94","0,34","0,06",,,,,,,,,
3,"89,75",2024-11-05 23:12:56,0.2,02.01,"75,94","0,34","0,06",,,,,,,,,
3,"50,67",2024-11-05 23:12:56,0.2,02.01,"49,44","0,34","0,06",,,,,,,,,
3,"39,09",2024-11-05 23:12:56,0.2,02.01,"29,46","0,34","0,06",,,,,,,,,
3,"40,69",2024-11-05 23:12:56,0.19,02.02,"26,77","0,34","0,06",,,,,,,,,
3,"64,6",2024-11-05 23:12:56,0.19,02.02,"52,79","0,34","0,06",,,,,,,,,
3,"71,59",2024-11-05 23:12:56,0.19,02.02,"58,91","0,34","0,06",,,,,,,,,
3,"92,63",2024-11-05 23:12:56,0.19,02.02,"84,58","0,34","0,06",,,,,,,,,
3,"66,49",2024-11-05 23:12:56,0.18,02.02,"55,46","0,34","0,06",,,,,,,,,
3,"92,12",2024-11-05 23:12:56,0.18,02.02,"80,45","0,34","0,06",,,,,,,,,
3,"81,97",2024-11-05 23:12:56,0.18,02.02,"71,04","0,34","0,06",,,,,,,,,
3,95,2024-11-05 23:12:56,0.18,02.02,"85,97","0,34","0,06",,,,,,,,,
3,95,2024-11-05 23:12:56,0.17,02.03,"92,06","0,34","0,06",,,,,,,,,
3,"79,02",2024-11-06 23:12:56,0.17,02.03,"71,26","0,34","0,06",,,,,,,,,
3,"67,18",2024-11-06 23:12:56,0.17,02.04,"58,28","0,34","0,06",,,,,,,,,
3,"33,28",2024-11-06 23:12:56,0.17,02.03,"23,94","0,34","0,06",,,,,,,,,
3,"74,02",2024-11-06 23:12:56,0.17,02.04,"63,75","0,34","0,06",,,,,,,,,
3,"82,98",2024-11-06 23:12:56,0.17,02.03,"79,25","0,34","0,06",,,,,,,,,
3,"28,07",2024-11-06 23:12:56,0.17,02.03,"20,04","0,34","0,06",,,,,,,,,
3,"89,18",2024-11-06 23:12:56,0.17,02.03,"74,65","0,34","0,06",,,,,,,,,
3,"74,5",2024-11-06 23:12:56,0.17,02.04,"71,64","0,34","0,06",,,,,,,,,
3,"93,5",2024-11-06 23:12:56,0.17,02.04,"84,63","0,34","0,06",,,,,,,,,
3,"58,13",2024-11-06 23:12:56,0.17,02.04,"52,95","0,34","0,06",,,,,,,,,
3,"35,94",2024-11-06 23:12:56,0.17,02.04,"34,52","0,34","0,06",,,,,,,,,
3,"50,67",2024-11-06 23:12:56,0.16,02.04,"46,79","0,34","0,06",,,,,,,,,
3,"88,84",2024-11-06 23:12:56,0.16,02.05,"87,59","0,34","0,06",,,,,,,,,
3,"87,09",2024-11-06 23:12:56,0.16,02.05,"83,26","0,34","0,06",,,,,,,,,
3,"25,47",2024-11-06 23:12:56,0.16,02.05,"20,93","0,34","0,06",,,,,,,,,
3,"46,6",2024-11-06 23:12:56,0.16,02.05,"43,16","0,34","0,06",,,,,,,,,
3,"90,2",2024-11-06 23:12:56,0.16,02.05,"85,59","0,34","0,06",,,,,,,,,
3,"37,26",2024-11-06 23:12:56,0.16,02.05,"24,73","0,34","0,06",,,,,,,,,
3,"66,23",2024-11-06 23:12:56,0.15,02.06,"60,43","0,34","0,06",,,,,,,,,
3,"50,63",2024-11-06 23:12:56,0.15,02.06,"38,77","0,34","0,06",,,,,,,,,
3,95,2024-11-07 23:12:56,0.14,02.06,"86,91","0,34","0,06",,,,,,,,,
3,"70,24",2024-11-07 23:12:56,0.14,02.07,"67,4","0,34","0,06",,,,,,,,,
3,"88,33",2024-11-07 23:12:56,0.14,02.07,"80,82","0,34","0,06",,,,,,,,,
3,"51,17",2024-11-07 23:12:56,0.13,02.07,"49,15","0,34","0,06",,,,,,,,,
3,"56,51",2024-11-07 23:12:56,0.13,02.08,"51,38","0,34","0,06",,,,,,,,,
3,"47,05",2024-11-07 23:12:56,0.13,02.08,"40,48","0,34","0,06",,,,,,,,,
3,"56,27",2024-11-07 23:12:56,0.13,02.08,"54,59","0,34","0,06",,,,,,,,,
3,"48,2",2024-11-07 23:12:56,0.12,02.08,"46,05","0,34","0,06",,,,,,,,,
3,"27,65",2024-11-07 23:12:56,0.12,02.08,"20,58","0,34","0,06",,,,,,,,,
3,"47,33",2024-11-07 23:12:56,0.13,02.08,"39,75","0,34","0,06",,,,,,,,,
3,"32,49",2024-11-07 23:12:56,0.13,02.08,"20,36","0,34","0,06",,,,,,,,,
3,"49,25",2024-11-07 23:12:56,0.12,02.08,"38,49","0,34","0,06",,,,,,,,,
3,95,2024-11-07 23:12:56,0.12,02.08,"88,28","0,34","0,06",,,,,,,,,
3,"50,68",2024-11-07 23:12:56,0.12,02.08,"43,26","0,34","0,06",,,,,,,,,
3,"69,26",2024-11-07 23:12:56,0.12,02.08,"64,89","0,34","0,06",,,,,,,,,
3,"56,15",2024-11-07 23:12:56,0.12,02.08,"43,38","0,34","0,06",,,,,,,,,
3,"61,51",2024-11-07 23:12:56,0.12,02.08,"58,65","0,34","0,06",,,,,,,,,
3,"79,07",2024-11-07 23:12:56,0.12,02.09,"75,33","0,34","0,06",,,,,,,,,
3,"86,09",2024-11-07 23:12:56,0.12,02.09,"74,64","0,34","0,06",,,,,,,,,
3,"38,22",2024-11-07 23:12:56,0.12,02.09,"35,04","0,34","0,06",,,,,,,,,
3,"47,15",2024-11-08 23:12:56,0.11,02.09,"43,97","0,34","0,06",,,,,,,,,
3,"40,54",2024-11-08 23:12:56,0.11,02.09,"26,39","0,34","0,06",,,,,,,,,
3,"79,67",2024-11-08 23:12:56,0.11,02.09,"75,92","0,34","0,06",,,,,,,,,
3,"60,69",2024-11-08 23:12:56,0.12,02.09,"53,95","0,34","0,06",,,,,,,,,
3,"88,82",2024-11-08 23:12:56,0.12,02.08,"84,65","0,34","0,06",,,,,,,,,
3,"39,08",2024-11-08 23:12:56,0.12,02.08,"36,58","0,34","0,06",,,,,,,,,
3,"82,64",2024-11-08 23:12:56,0.12,02.08,"71,78","0,34","0,06",,,,,,,,,
3,84,2024-11-08 23:12:56,0.12,02.08,"81,46","0,34","0,06",,,,,,,,,
3,"52,1",2024-11-08 23:12:56,0.12,02.08,"44,29","0,34","0,06",,,,,,,,,
3,"43,34",2024-11-08 23:12:56,0.12,02.08,"36,69","0,34","0,06",,,,,,,,,
3,95,2024-11-08 23:12:56,0.13,02.08,"90,43","0,34","0,06",,,,,,,,,
3,95,2024-11-08 23:12:56,0.13,02.08,"90,38","0,34","0,06",,,,,,,,,
3,95,2024-11-08 23:12:56,0.13,02.08,"85,06","0,34","0,06",,,,,,,,,
3,"72,5",2024-11-08 23:12:56,0.13,02.08,"66,42","0,34","0,06",,,,,,,,,
3,95,2024-11-08 23:12:56,0.13,02.08,"89,99","0,34","0,06",,,,,,,,,
3,"61,98",2024-11-08 23:12:56,0.13,02.08,"60,72","0,34","0,06",,,,,,,,,
3,"60,55",2024-11-08 23:12:56,0.13,02.08,"52,07","0,34","0,06",,,,,,,,,
3,"67,44",2024-11-08 23:12:56,0.13,02.08,"63,74","0,34","0,06",,,,,,,,,
3,"60,85",2024-11-08 23:12:56,0.13,02.07,"54,39","0,34","0,06",,,,,,,,,
3,"74,43",2024-11-08 23:12:56,0.13,02.08,"67,52","0,34","0,06",,,,,,,,,
3,"60,52",2024-11-09 23:12:56,0.13,02.07,"50,52","0,34","0,06",,,,,,,,,
3,"84,21",2024-11-09 23:12:56,0.13,02.07,"69,84","0,34","0,06",,,,,,,,,
3,"79,83",2024-11-09 23:12:56,0.13,02.07,"67,75","0,34","0,06",,,,,,,,,
3,"88,36",2024-11-09 23:12:56,0.13,02.08,"84,39","0,34","0,06",,,,,,,,,
3,"52,67",2024-11-09 23:12:56,0.13,02.08,"41,65","0,34","0,06",,,,,,,,,
3,"42,57",2024-11-09 23:12:56,0.14,02.07,"39,66","0,34","0,06",,,,,,,,,
3,"45,43",2024-11-09 23:12:56,0.14,02.07,"33,98","0,34","0,06",,,,,,,,,
3,"55,24",2024-11-09 23:12:56,0.14,02.06,"53,31","0,34","0,06",,,,,,,,,
3,"74,42",2024-11-09 23:12:56,0.14,02.06,"65,21","0,34","0,06",,,,,,,,,
3,"65,15",2024-11-09 23:12:56,0.13,02.08,"55,99","0,34","0,06",,,,,,,,,
3,"67,03",2024-11-09 23:12:56,0.13,02.08,"57,24","0,34","0,06",,,,,,,,,
3,95,2024-11-09 23:12:56,0.12,02.08,"94,35","0,34","0,06",,,,,,,,,
3,"58,55",2024-11-09 23:12:56,0.11,02.09,"53,2","0,34","0,06",,,,,,,,,
3,"89,07",2024-11-09 23:12:56,0.11,2.1,"80,22","0,34","0,06",,,,,,,,,
3,"78,56",2024-11-09 23:12:56,0.09,2.11,"77,27","0,34","0,06",,,,,,,,,
3,"91,32",2024-11-09 23:12:56,0.09,2.11,"84,71","0,34","0,06",,,,,,,,,
3,"63,68",2024-11-09 23:12:56,0.1,2.11,"61,62","0,34","0,06",,,,,,,,,
3,"51,18",2024-11-09 23:12:56,0.1,2.11,"43,22","0,34","0,06",,,,,,,,,
3,"77,45",2024-11-09 23:12:56,0.09,2.11,"68,09","0,34","0,06",,,,,,,,,
3,"37,92",2024-11-09 23:12:56,0.09,2.11,"36,01","0,34","0,06",,,,,,,,,
3,95,2024-11-10 23:12:56,0.09,2.12,"94,92","0,34","0,06",,,,,,,,,
3,"84,56",2024-11-10 23:12:56,0.09,2.12,"75,57","0,34","0,06",,,,,,,,,
3,"68,37",2024-11-10 23:12:56,0.09,2.12,"53,74","0,34","0,06",,,,,,,,,
3,"45,24",2024-11-10 23:12:56,0.08,2.12,"30,89","0,34","0,06",,,,,,,,,
3,"41,61",2024-11-10 23:12:56,0.09,2.11,"39,09","0,34","0,06",,,,,,,,,
3,"86,33",2024-11-10 23:12:56,0.09,2.11,"81,96","0,34","0,06",,,,,,,,,
3,"41,25",2024-11-10 23:12:56,0.09,2.12,"36,11","0,34","0,06",,,,,,,,,
3,"85,79",2024-11-10 23:12:56,0.11,2.1,"84,72","0,34","0,06",,,,,,,,,
3,"43,23",2024-11-10 23:12:56,0.12,02.09,"35,63","0,34","0,06",,,,,,,,,
3,"81,49",2024-11-10 23:12:56,0.12,02.09,"69,58","0,34","0,06",,,,,,,,,
3,"60,01",2024-11-10 23:12:56,0.12,02.08,"58,6","0,34","0,06",,,,,,,,,
3,"89,7",2024-11-10 23:12:56,0.12,02.09,"82,12","0,34","0,06",,,,,,,,,
3,"38,13",2024-11-10 23:12:56,0.11,02.09,"34,47","0,34","0,06",,,,,,,,,
3,"80,29",2024-11-10 23:12:56,0.11,2.1,"78,08","0,34","0,06",,,,,,,,,
3,"87,43",2024-11-10 23:12:56,0.11,2.1,"72,57","0,34","0,06",,,,,,,,,
3,"55,13",2024-11-10 23:12:56,0.11,2.1,53,"0,34","0,06",,,,,,,,,
3,"31,26",2024-11-10 23:12:56,0.11,2.1,"25,23","0,34","0,06",,,,,,,,,
3,"92,67",2024-11-10 23:12:56,0.1,2.1,"85,59","0,34","0,06",,,,,,,,,
3,"49,44",2024-11-10 23:12:56,0.1,2.11,"47,41","0,34","0,06",,,,,,,,,
3,"83,22",2024-11-10 23:12:56,0.13,02.08,"69,36","0,34","0,06",,,,,,,,,
3,"49,71",2024-11-11 23:12:56,0.13,02.08,"42,91","0,34","0,06",,,,,,,,,
3,"78,02",2024-11-11 23:12:56,0.12,02.08,"75,79","0,34","0,06",,,,,,,,,
3,"93,78",2024-11-11 23:12:56,0.11,02.09,"79,12","0,34","0,06",,,,,,,,,
3,"78,9",2024-11-11 23:12:56,0.11,02.09,"67,54","0,34","0,06",,,,,,,,,
3,"91,02",2024-11-11 23:12:56,0.11,02.09,"77,86","0,34","0,06",,,,,,,,,
3,"90,19",2024-11-11 23:12:56,0.11,2.1,"75,47","0,34","0,06",,,,,,,,,
3,"28,53",2024-11-11 23:12:56,0.11,2.1,"24,61","0,34","0,06",,,,,,,,,
3,95,2024-11-11 23:12:56,0.1,2.1,"85,55","0,34","0,06",,,,,,,,,
3,"27,06",2024-11-11 23:12:56,0.11,2.1,"21,71","0,34","0,06",,,,,,,,,
3,"48,99",2024-11-11 23:12:56,0.1,2.1,"44,06","0,34","0,06",,,,,,,,,
3,"57,39",2024-11-11 23:12:56,0.11,2.1,"56,23","0,34","0,06",,,,,,,,,
3,75,2024-11-11 23:12:56,0.1,2.1,"67,28","0,34","0,06",,,,,,,,,
3,"51,88",2024-11-11 23:12:56,0.1,2.11,"44,82","0,34","0,06",,,,,,,,,
3,95,2024-11-11 23:12:56,0.1,2.11,"86,04","0,34","0,06",,,,,,,,,
3,"62,32",2024-11-11 23:12:56,0.1,2.11,"55,45","0,34","0,06",,,,,,,,,
3,"81,11",2024-11-11 23:12:56,0.1,2.1,"79,31","0,34","0,06",,,,,,,,,
3,"81,9",2024-11-11 23:12:56,0.1,2.1,"79,26","0,34","0,06",,,,,,,,,
3,"51,78",2024-11-11 23:12:56,0.1,2.1,"45,06","0,34","0,06",,,,,,,,,
3,"48,46",2024-11-11 23:12:56,0.11,2.1,"42,58","0,34","0,06",,,,,,,,,
3,"35,18",2024-11-11 23:12:56,0.12,02.09,"27,6","0,34","0,06",,,,,,,,,
3,"92,34",2024-11-12 23:12:56,0.12,02.08,"81,46","0,34","0,06",,,,,,,,,
3,"35,99",2024-11-12 23:12:56,0.12,02.08,"29,46","0,34","0,06",,,,,,,,,
3,"76,67",2024-11-12 23:12:56,0.12,02.09,"68,76","0,34","0,06",,,,,,,,,
3,"81,52",2024-11-12 23:12:56,0.11,02.09,"72,38","0,34","0,06",,,,,,,,,
3,95,2024-11-12 23:12:56,0.11,02.09,"93,93","0,34","0,06",,,,,,,,,
3,"88,92",2024-11-12 23:12:56,0.11,2.1,"84,24","0,34","0,06",,,,,,,,,
3,95,2024-11-12 23:12:56,0.11,2.1,"87,49","0,34","0,06",,,,,,,,,
3,"42,34",2024-11-12 23:12:56,0.11,2.1,"30,05","0,34","0,06",,,,,,,,,
3,"35,31",2024-11-12 23:12:56,0.11,02.09,"32,41","0,34","0,06",,,,,,,,,
3,"47,7",2024-11-12 23:12:56,0.11,02.09,"40,09","0,34","0,06",,,,,,,,,
3,"81,93",2024-11-12 23:12:56,0.11,02.09,"72,77","0,34","0,06",,,,,,,,,
3,"46,3",2024-11-12 23:12:56,0.11,2.1,"40,48","0,34","0,06",,,,,,,,,
3,"90,15",2024-11-12 23:12:56,0.11,2.1,"84,96","0,34","0,06",,,,,,,,,
3,"84,73",2024-11-12 23:12:56,0.1,2.1,"74,29","0,34","0,06",,,,,,,,,
3,"27,25",2024-11-12 23:12:56,0.1,2.1,"25,8","0,34","0,06",,,,,,,,,
3,"83,27",2024-11-12 23:12:56,0.11,2.1,"81,6","0,34","0,06",,,,,,,,,
3,"85,19",2024-11-12 23:12:56,0.11,2.1,"83,75","0,34","0,06",,,,,,,,,
3,"80,17",2024-11-12 23:12:56,0.11,2.1,"75,56","0,34","0,06",,,,,,,,,
3,"42,15",2024-11-12 23:12:56,0.09,2.11,"31,73","0,34","0,06",,,,,,,,,
3,70,2024-11-12 23:12:56,0.09,2.11,"60,89","0,34","0,06",,,,,,,,,
3,"30,38",2024-11-13 23:12:56,0.09,2.11,"25,84","0,34","0,06",,,,,,,,,
3,"37,41",2024-11-13 23:12:56,0.09,2.12,"27,3","0,34","0,06",,,,,,,,,
3,"67,39",2024-11-13 23:12:56,0.09,2.12,"52,75","0,34","0,06",,,,,,,,,
3,"50,93",2024-11-13 23:12:56,0.09,2.12,"45,15","0,34","0,06",,,,,,,,,
3,"25,23",2024-11-13 23:12:56,0.08,2.12,"20,22","0,34","0,06",,,,,,,,,
3,"38,17",2024-11-13 23:12:56,0.08,2.12,"28,51","0,34","0,06",,,,,,,,,
3,"75,64",2024-11-13 23:12:56,0.09,2.12,"63,2","0,34","0,06",,,,,,,,,
3,"46,6",2024-11-13 23:12:56,0.09,2.11,"44,45","0,34","0,06",,,,,,,,,
3,"77,97",2024-11-13 23:12:56,0.1,2.11,"75,16","0,34","0,06",,,,,,,,,
3,"25,22",2024-11-13 23:12:56,0.12,02.09,"21,75","0,34","0,06",,,,,,,,,
3,"53,64",2024-11-13 23:12:56,0.08,2.12,"52,14","0,34","0,06",,,,,,,,,
3,"65,38",2024-11-13 23:12:56,0.12,2.13,"60,99","0,34","0,06",,,,,,,,,
3,95,2024-11-13 23:12:56,0.12,02.08,"83,25","0,34","0,06",,,,,,,,,
3,"44,15",2024-11-13 23:12:56,0.14,02.07,"34,97","0,34","0,06",,,,,,,,,
3,"58,02",2024-11-13 23:12:56,0.14,02.06,"52,84","0,34","0,06",,,,,,,,,
3,"87,01",2024-11-13 23:12:56,0.15,02.06,"81,89","0,34","0,06",,,,,,,,,
3,"51,97",2024-11-13 23:12:56,0.15,02.05,"43,86","0,34","0,06",,,,,,,,,
3,"28,53",2024-11-13 23:12:56,0.16,02.05,"25,14","0,34","0,06",,,,,,,,,
3,"89,43",2024-11-13 23:12:56,0.17,02.04,"75,73","0,34","0,06",,,,,,,,,
3,"33,95",2024-11-13 23:12:56,0.18,02.03,"30,76","0,34","0,06",,,,,,,,,
3,"29,05",2024-11-14 23:12:56,0.19,02.02,"26,14","0,34","0,06",,,,,,,,,
3,"74,49",2024-11-14 23:12:56,0.2,02.01,"69,92","0,34","0,06",,,,,,,,,
3,"79,56",2024-11-14 23:12:56,0.21,2.0,"71,85","0,34","0,06",,,,,,,,,
3,"70,79",2024-11-14 23:12:56,0.22,1.98,"64,43","0,34","0,06",,,,,,,,,
3,"56,9",2024-11-14 23:12:56,0.22,1.99,"46,38","0,34","0,06",,,,,,,,,
3,95,2024-11-14 23:12:56,0.21,2.0,"84,58","0,34","0,06",,,,,,,,,
3,"60,52",2024-11-14 23:12:56,0.21,2.0,"52,19","0,34","0,06",,,,,,,,,
3,"75,25",2024-11-14 23:12:56,0.21,2.0,"72,21","0,34","0,06",,,,,,,,,
3,"94,27",2024-11-14 23:12:56,0.21,2.0,"82,43","0,34","0,06",,,,,,,,,
3,"42,3",2024-11-14 23:12:56,0.2,2.0,"39,25","0,34","0,06",,,,,,,,,
3,"75,39",2024-11-14 23:12:56,0.2,02.01,"65,03","0,34","0,06",,,,,,,,,
3,"36,37",2024-11-14 23:12:56,0.2,02.01,"33,6","0,34","0,06",,,,,,,,,
3,"90,99",2024-11-14 23:12:56,0.19,02.01,"83,3","0,34","0,06",,,,,,,,,
3,"68,65",2024-11-14 23:12:56,0.19,02.01,"61,24","0,34","0,06",,,,,,,,,
3,"61,87",2024-11-14 23:12:56,0.19,02.02,"55,94","0,34","0,06",,,,,,,,,
3,"35,34",2024-11-14 23:12:56,0.19,02.02,27,"0,34","0,06",,,,,,,,,
3,"35,7",2024-11-14 23:12:56,0.19,02.02,"23,16","0,34","0,06",,,,,,,,,
3,"80,14",2024-11-14 23:12:56,0.18,02.02,"73,59","0,34","0,06",,,,,,,,,
3,"74,47",2024-11-14 23:12:56,0.18,02.02,"59,92","0,34","0,06",,,,,,,,,
3,"68,24",2024-11-14 23:12:56,0.18,02.02,"65,25","0,34","0,06",,,,,,,,,
3,"42,98",2024-11-15 23:12:56,0.18,02.02,"30,98","0,34","0,06",,,,,,,,,
3,"49,41",2024-11-15 23:12:56,0.18,02.02,"38,63","0,34","0,06",,,,,,,,,
3,"46,3",2024-11-15 23:12:56,0.18,02.02,"43,62","0,34","0,06",,,,,,,,,
3,"92,32",2024-11-15 23:12:56,0.18,02.02,"88,67","0,34","0,06",,,,,,,,,
3,"33,12",2024-11-15 23:12:56,0.18,02.02,"26,18","0,34","0,06",,,,,,,,,
3,"55,47",2024-11-15 23:12:56,0.18,02.02,"48,85","0,34","0,06",,,,,,,,,
3,"71,2",2024-11-15 23:12:56,0.18,02.02,"65,43","0,34","0,06",,,,,,,,,
3,"46,98",2024-11-15 23:12:56,0.18,02.02,"43,28","0,34","0,06",,,,,,,,,
3,95,2024-11-15 23:12:56,0.18,02.02,"90,13","0,34","0,06",,,,,,,,,
3,"59,81",2024-11-15 23:12:56,0.18,02.02,"51,53","0,34","0,06",,,,,,,,,
3,"64,4",2024-11-15 23:12:56,0.18,02.02,"59,2","0,34","0,06",,,,,,,,,
3,95,2024-11-15 23:12:56,0.18,02.02,"91,72","0,34","0,06",,,,,,,,,
3,"93,94",2024-11-15 23:12:56,0.18,02.02,"89,71","0,34","0,06",,,,,,,,,
3,"41,08",2024-11-15 23:12:56,0.18,02.03,"29,41","0,34","0,06",,,,,,,,,
3,"74,19",2024-11-15 23:12:56,0.18,02.02,"59,91","0,34","0,06",,,,,,,,,
3,95,2024-11-15 23:12:56,0.18,02.02,"94,83","0,34","0,06",,,,,,,,,
3,"64,81",2024-11-15 23:12:56,0.18,02.02,52,"0,34","0,06",,,,,,,,,
3,"31,8",2024-11-15 23:12:56,0.18,02.02,"28,03","0,34","0,06",,,,,,,,,
3,"43,22",2024-11-15 23:12:56,0.18,02.02,"40,65","0,34","0,06",,,,,,,,,
3,"88,2",2024-11-15 23:12:56,0.19,02.02,"73,53","0,34","0,06",,,,,,,,,
3,"63,38",2024-11-16 23:12:56,0.19,02.02,"50,14","0,34","0,06",,,,,,,,,
3,"34,34",2024-11-16 23:12:56,0.19,02.02,"27,78","0,34","0,06",,,,,,,,,
3,"72,39",2024-11-16 23:12:56,0.19,02.02,"63,29","0,34","0,06",,,,,,,,,
3,"56,75",2024-11-16 23:12:56,0.19,02.02,"42,17","0,34","0,06",,,,,,,,,
3,"83,97",2024-11-16 23:12:56,0.19,02.02,"78,49","0,34","0,06",,,,,,,,,
3,"85,62",2024-11-16 23:12:56,0.19,02.02,"78,39","0,34","0,06",,,,,,,,,
3,"76,71",2024-11-16 23:12:56,0.19,02.02,"74,88","0,34","0,06",,,,,,,,,
3,"79,94",2024-11-16 23:12:56,0.19,02.02,"71,8","0,34","0,06",,,,,,,,,
3,"85,27",2024-11-16 23:12:56,0.19,02.02,"83,4","0,34","0,06",,,,,,,,,
3,"47,04",2024-11-16 23:12:56,0.19,02.02,"41,28","0,34","0,06",,,,,,,,,
3,"63,03",2024-11-16 23:12:56,0.19,02.02,"58,06","0,34","0,06",,,,,,,,,
3,"75,94",2024-11-16 23:12:56,0.19,02.02,"69,57","0,34","0,06",,,,,,,,,
3,"36,53",2024-11-16 23:12:56,0.19,02.02,"28,7","0,34","0,06",,,,,,,,,
3,"83,77",2024-11-16 23:12:56,0.19,02.02,"70,81","0,34","0,06",,,,,,,,,
3,"62,99",2024-11-16 23:12:56,0.19,02.02,"54,52","0,34","0,06",,,,,,,,,
3,"62,67",2024-11-16 23:12:56,0.19,02.02,"53,63","0,34","0,06",,,,,,,,,
3,"50,52",2024-11-16 23:12:56,0.19,02.02,"38,03","0,34","0,06",,,,,,,,,
3,95,2024-11-16 23:12:56,0.19,02.01,"89,06","0,34","0,06",,,,,,,,,
3,"61,86",2024-11-16 23:12:56,0.21,2.0,"49,51","0,34","0,06",,,,,,,,,
3,"54,48",2024-11-16 23:12:56,0.21,2.0,"45,46","0,34","0,06",,,,,,,,,